finding,invoice_number,issue_date,currency_code,exchange_rate,base_sar,doc_amount,ledger_foreign,ledger_currency
A_YER_rate_doc_mismatch,2-مبيع:1,2026-04-22,YER,0.002220,383.1700,322600.0000,322600.00,YER
A_YER_rate_doc_mismatch,2-مبيع:10068,2021-06-12,YER,0.004255,76.5900,23000.0000,23000.00,YER
A_YER_rate_doc_mismatch,2-مبيع:1012,2020-04-22,YER,0.005710,693.7600,221500.0000,221500.00,YER
A_YER_rate_doc_mismatch,2-مبيع:10138,2021-06-15,YER,0.004255,382.9500,140000.0000,140000.00,YER
A_YER_rate_doc_mismatch,2-مبيع:10179,2021-06-17,YER,0.004255,238.2800,106000.0000,106000.00,YER
A_YER_rate_doc_mismatch,2-مبيع:10202,2021-06-17,YER,0.004255,510.6000,170000.0000,170000.00,YER
A_YER_rate_doc_mismatch,2-مبيع:10205,2021-06-18,YER,0.004255,42.5500,15000.0000,15000.00,YER
A_YER_rate_doc_mismatch,2-مبيع:10264,2021-06-20,YER,0.004255,599.9600,241000.0000,241000.00,YER
A_YER_rate_doc_mismatch,2-مبيع:10298,2021-06-21,YER,0.004255,70.2100,21500.0000,21500.00,YER
A_YER_rate_doc_mismatch,2-مبيع:10300,2021-06-21,YER,0.004255,263.8100,86500.0000,86500.00,YER
A_YER_rate_doc_mismatch,2-مبيع:1031,2020-04-23,YER,0.005710,205.5600,61000.0000,61000.00,YER
A_YER_rate_doc_mismatch,2-مبيع:10332,2021-06-21,YER,0.004255,119.1400,48000.0000,48000.00,YER
A_YER_rate_doc_mismatch,2-مبيع:1041,2020-04-24,YER,0.005710,513.9000,93000.0000,93000.00,YER
A_YER_rate_doc_mismatch,2-مبيع:10436,2021-06-25,YER,0.004255,127.6500,59000.0000,59000.00,YER
A_YER_rate_doc_mismatch,2-مبيع:1044,2020-04-24,YER,0.005710,59.9500,17000.0000,17000.00,YER
A_YER_rate_doc_mismatch,2-مبيع:1047,2020-04-24,YER,0.005710,28.5500,8500.0000,8500.00,YER
A_YER_rate_doc_mismatch,2-مبيع:10475,2021-06-26,YER,0.004255,38.3000,13700.0000,13700.00,YER
A_YER_rate_doc_mismatch,2-مبيع:10477,2021-06-26,YER,0.004255,25.5300,9000.0000,9000.00,YER
A_YER_rate_doc_mismatch,2-مبيع:10479,2021-06-27,YER,0.004255,170.2000,60000.0000,60000.00,YER
A_YER_rate_doc_mismatch,2-مبيع:10481,2021-06-27,YER,0.004255,531.8800,127500.0000,127500.00,YER
A_YER_rate_doc_mismatch,2-مبيع:10490,2021-06-27,YER,0.004255,80.8400,30000.0000,30000.00,YER
A_YER_rate_doc_mismatch,2-مبيع:105,2020-02-16,YER,0.006670,166.7500,42000.0000,42000.00,YER
A_YER_rate_doc_mismatch,2-مبيع:1052,2020-04-24,YER,0.005710,11.4200,3000.0000,3000.00,YER
A_YER_rate_doc_mismatch,2-مبيع:10523,2021-06-28,YER,0.004255,51.0600,42000.0000,42000.00,YER
A_YER_rate_doc_mismatch,2-مبيع:10536,2021-06-29,YER,0.004255,3638.0300,1455000.0000,1455000.00,YER
A_YER_rate_doc_mismatch,2-مبيع:1055,2020-04-24,YER,0.005710,154.1700,51000.0000,51000.00,YER
A_YER_rate_doc_mismatch,2-مبيع:10573,2021-06-30,YER,0.004255,46.8000,16000.0000,16000.00,YER
A_YER_rate_doc_mismatch,2-مبيع:10584,2021-06-30,YER,0.004255,29.7900,12000.0000,12000.00,YER
A_YER_rate_doc_mismatch,2-مبيع:10602,2021-07-01,YER,0.004255,204.2400,88000.0000,88000.00,YER
A_YER_rate_doc_mismatch,2-مبيع:10615,2021-07-02,YER,0.004255,6.3800,2200.0000,2200.00,YER
A_YER_rate_doc_mismatch,2-مبيع:10620,2021-07-02,YER,0.004255,155.3100,69500.0000,69500.00,YER
A_YER_rate_doc_mismatch,2-مبيع:10629,2021-07-02,YER,0.004255,97.8700,33000.0000,33000.00,YER
A_YER_rate_doc_mismatch,2-مبيع:1063,2020-04-25,YER,0.005710,137.0400,34000.0000,34000.00,YER
A_YER_rate_doc_mismatch,2-مبيع:1064,2020-04-25,YER,0.005710,34.2600,10000.0000,10000.00,YER
A_YER_rate_doc_mismatch,2-مبيع:10658,2021-07-04,YER,0.004255,170.2000,49000.0000,49000.00,YER
A_YER_rate_doc_mismatch,2-مبيع:10663,2021-07-04,YER,0.004255,144.6700,47000.0000,47000.00,YER
A_YER_rate_doc_mismatch,2-مبيع:10671,2021-07-04,YER,0.004255,76.5900,48000.0000,48000.00,YER
A_YER_rate_doc_mismatch,2-مبيع:10672,2021-07-04,YER,0.004255,370.1800,147000.0000,147000.00,YER
A_YER_rate_doc_mismatch,2-مبيع:1073,2020-04-25,YER,0.005710,51.3900,11000.0000,11000.00,YER
A_YER_rate_doc_mismatch,2-مبيع:10793,2021-07-12,YER,0.003846,184.6100,68000.0000,68000.00,YER
A_YER_rate_doc_mismatch,2-مبيع:10799,2021-07-13,YER,0.003846,149.9900,62000.0000,62000.00,YER
A_YER_rate_doc_mismatch,2-مبيع:10820,2021-07-15,YER,0.003846,84.6100,42000.0000,42000.00,YER
A_YER_rate_doc_mismatch,2-مبيع:1083,2020-04-26,YER,0.005710,336.8900,101000.0000,101000.00,YER
A_YER_rate_doc_mismatch,2-مبيع:10833,2021-07-16,YER,0.003846,26.9200,12000.0000,12000.00,YER
A_YER_rate_doc_mismatch,2-مبيع:10850,2021-07-18,YER,0.003846,146.1500,70000.0000,70000.00,YER
A_YER_rate_doc_mismatch,2-مبيع:10856,2021-07-18,YER,0.003846,84.6100,23000.0000,23000.00,YER
A_YER_rate_doc_mismatch,2-مبيع:10881,2021-07-25,YER,0.003846,96.1500,45000.0000,45000.00,YER
A_YER_rate_doc_mismatch,2-مبيع:10889,2021-07-26,YER,0.003846,215.3800,106000.0000,106000.00,YER
A_YER_rate_doc_mismatch,2-مبيع:10892,2021-07-26,YER,0.003846,142.3000,72000.0000,72000.00,YER
A_YER_rate_doc_mismatch,2-مبيع:10906,2021-07-28,YER,0.003846,161.5300,54000.0000,54000.00,YER
A_YER_rate_doc_mismatch,2-مبيع:10914,2021-07-29,YER,0.003846,399.9800,164000.0000,164000.00,YER
A_YER_rate_doc_mismatch,2-مبيع:10941,2021-08-02,YER,0.003846,296.1400,117000.0000,117000.00,YER
A_YER_rate_doc_mismatch,2-مبيع:10967,2021-08-04,YER,0.003846,565.3600,173000.0000,173000.00,YER
A_YER_rate_doc_mismatch,2-مبيع:11030,2021-08-10,YER,0.003846,703.8200,236000.0000,236000.00,YER
A_YER_rate_doc_mismatch,2-مبيع:11035,2021-08-12,YER,0.003846,161.5300,52000.0000,52000.00,YER
A_YER_rate_doc_mismatch,2-مبيع:11054,2021-08-14,YER,0.003846,103.8400,42000.0000,42000.00,YER
A_YER_rate_doc_mismatch,2-مبيع:11072,2021-08-16,YER,0.003846,186.5300,89500.0000,89500.00,YER
A_YER_rate_doc_mismatch,2-مبيع:11088,2021-08-17,YER,0.003846,880.7300,379000.0000,379000.00,YER
A_YER_rate_doc_mismatch,2-مبيع:1111,2020-04-28,YER,0.005710,296.9200,98000.0000,98000.00,YER
A_YER_rate_doc_mismatch,2-مبيع:11110,2021-08-20,YER,0.003846,192.3000,80000.0000,80000.00,YER
A_YER_rate_doc_mismatch,2-مبيع:11131,2021-08-23,YER,0.003846,273.0700,126000.0000,126000.00,YER
A_YER_rate_doc_mismatch,2-مبيع:11134,2021-08-23,YER,0.003846,342.2900,169000.0000,169000.00,YER
A_YER_rate_doc_mismatch,2-مبيع:11149,2021-08-25,YER,0.003846,76.9200,30000.0000,30000.00,YER
A_YER_rate_doc_mismatch,2-مبيع:11209,2021-09-02,YER,0.003846,534.5900,169000.0000,169000.00,YER
A_YER_rate_doc_mismatch,2-مبيع:11219,2021-09-04,YER,0.003846,203.8400,81000.0000,81000.00,YER
A_YER_rate_doc_mismatch,2-مبيع:1123,2020-04-29,YER,0.005710,448.2400,118500.0000,118500.00,YER
A_YER_rate_doc_mismatch,2-مبيع:11257,2021-09-09,YER,0.003846,157.6900,66000.0000,66000.00,YER
A_YER_rate_doc_mismatch,2-مبيع:1127,2020-04-29,YER,0.005710,102.7800,23500.0000,23500.00,YER
A_YER_rate_doc_mismatch,2-مبيع:1129,2020-04-29,YER,0.005710,79.9400,27000.0000,27000.00,YER
A_YER_rate_doc_mismatch,2-مبيع:11333,2021-09-15,YER,0.003448,241.3600,113000.0000,113000.00,YER
A_YER_rate_doc_mismatch,2-مبيع:11342,2021-09-16,YER,0.003448,131.0200,58000.0000,58000.00,YER
A_YER_rate_doc_mismatch,2-مبيع:11401,2021-09-19,YER,0.003448,403.4200,205000.0000,205000.00,YER
A_YER_rate_doc_mismatch,2-مبيع:11416,2021-09-19,YER,0.003448,186.1900,84000.0000,84000.00,YER
A_YER_rate_doc_mismatch,2-مبيع:11429,2021-09-20,YER,0.003448,120.6800,45000.0000,45000.00,YER
A_YER_rate_doc_mismatch,2-مبيع:11431,2021-09-20,YER,0.003448,329.6300,100200.0000,100200.00,YER
A_YER_rate_doc_mismatch,2-مبيع:11438,2021-09-20,YER,0.003448,48.2700,24000.0000,24000.00,YER
A_YER_rate_doc_mismatch,2-مبيع:11490,2021-09-22,YER,0.003448,41.3800,17000.0000,17000.00,YER
A_YER_rate_doc_mismatch,2-مبيع:11506,2021-09-23,YER,0.003333,93.3200,35000.0000,35000.00,YER
A_YER_rate_doc_mismatch,2-مبيع:11511,2021-09-24,YER,0.003333,40.0000,18000.0000,18000.00,YER
A_YER_rate_doc_mismatch,2-مبيع:1152,2020-05-01,YER,0.005710,291.2100,80000.0000,80000.00,YER
A_YER_rate_doc_mismatch,2-مبيع:11548,2021-09-25,YER,0.003333,66.6600,34000.0000,34000.00,YER
A_YER_rate_doc_mismatch,2-مبيع:11562,2021-09-25,YER,0.003333,116.6600,50000.0000,50000.00,YER
A_YER_rate_doc_mismatch,2-مبيع:11574,2021-09-26,YER,0.003333,106.6600,47000.0000,47000.00,YER
A_YER_rate_doc_mismatch,2-مبيع:11605,2021-09-27,YER,0.003333,129.9900,43000.0000,43000.00,YER
A_YER_rate_doc_mismatch,2-مبيع:11607,2021-09-27,YER,0.003333,178.3200,62500.0000,62500.00,YER
A_YER_rate_doc_mismatch,2-مبيع:11654,2021-09-29,YER,0.003333,33.3300,15000.3000,15000.30,YER
A_YER_rate_doc_mismatch,2-مبيع:11666,2021-09-30,YER,0.003333,126.6500,66000.0000,66000.00,YER
A_YER_rate_doc_mismatch,2-مبيع:11700,2021-10-01,YER,0.003333,159.9900,86800.3000,86800.30,YER
A_YER_rate_doc_mismatch,2-مبيع:11723,2021-10-02,YER,0.003333,196.6500,104000.0000,104000.00,YER
A_YER_rate_doc_mismatch,2-مبيع:11729,2021-10-02,YER,0.003333,99.9900,50000.0000,50000.00,YER
A_YER_rate_doc_mismatch,2-مبيع:11739,2021-10-02,YER,0.003333,66.6600,27000.0000,27000.00,YER
A_YER_rate_doc_mismatch,2-مبيع:11804,2021-10-05,YER,0.003333,159.9800,73000.0000,73000.00,YER
A_YER_rate_doc_mismatch,2-مبيع:11844,2021-10-06,YER,0.003333,129.9900,52000.3000,52000.30,YER
A_YER_rate_doc_mismatch,2-مبيع:11945,2021-10-09,YER,0.003333,73.3300,42000.0000,42000.00,YER
A_YER_rate_doc_mismatch,2-مبيع:11948,2021-10-09,YER,0.003333,149.9900,61000.0000,61000.00,YER
A_YER_rate_doc_mismatch,2-مبيع:11959,2021-10-10,YER,0.003333,66.6600,34000.0000,34000.00,YER
A_YER_rate_doc_mismatch,2-مبيع:11989,2021-10-11,YER,0.003333,40.0000,16000.3000,16000.30,YER
A_YER_rate_doc_mismatch,2-مبيع:12050,2021-10-12,YER,0.003333,143.3200,48000.0000,48000.00,YER
A_YER_rate_doc_mismatch,2-مبيع:12055,2021-10-13,YER,0.003333,166.6500,94000.0000,94000.00,YER
A_YER_rate_doc_mismatch,2-مبيع:12079,2021-10-13,YER,0.003333,23.3300,9000.0000,9000.00,YER
A_YER_rate_doc_mismatch,2-مبيع:12104,2021-10-14,YER,0.003333,323.3000,178000.0000,178000.00,YER
A_YER_rate_doc_mismatch,2-مبيع:12116,2021-10-14,YER,0.003333,96.6600,43000.0000,43000.00,YER
A_YER_rate_doc_mismatch,2-مبيع:12120,2021-10-14,YER,0.003333,276.6400,183000.0000,183000.00,YER
A_YER_rate_doc_mismatch,2-مبيع:12183,2021-10-17,YER,0.002703,168.9400,137500.0000,137500.00,YER
A_YER_rate_doc_mismatch,2-مبيع:12203,2021-10-18,YER,0.002703,197.3200,78000.0000,78000.00,YER
A_YER_rate_doc_mismatch,2-مبيع:12206,2021-10-18,YER,0.002703,100.0100,62000.0000,62000.00,YER
A_YER_rate_doc_mismatch,2-مبيع:12241,2021-10-19,YER,0.002703,37.8400,44000.0000,44000.00,YER
A_YER_rate_doc_mismatch,2-مبيع:12256,2021-10-19,YER,0.002703,67.5800,31000.0000,31000.00,YER
A_YER_rate_doc_mismatch,2-مبيع:12263,2021-10-20,YER,0.002703,148.6600,95000.0000,95000.00,YER
A_YER_rate_doc_mismatch,2-مبيع:12372,2021-10-24,YER,0.002703,597.3600,321000.0000,321000.00,YER
A_YER_rate_doc_mismatch,2-مبيع:12388,2021-10-24,YER,0.002703,81.0900,45000.0000,45000.00,YER
A_YER_rate_doc_mismatch,2-مبيع:12433,2021-10-26,YER,0.002703,129.7400,75000.0000,75000.00,YER
A_YER_rate_doc_mismatch,2-مبيع:12468,2021-10-27,YER,0.002703,162.1800,100000.0000,100000.00,YER
A_YER_rate_doc_mismatch,2-مبيع:12481,2021-10-27,YER,0.002703,75.6800,46000.0000,46000.00,YER
A_YER_rate_doc_mismatch,2-مبيع:125,2020-02-18,YER,0.006670,320.1600,66000.0000,66000.00,YER
A_YER_rate_doc_mismatch,2-مبيع:12518,2021-10-28,YER,0.002703,85.1400,51500.0000,51500.00,YER
A_YER_rate_doc_mismatch,2-مبيع:1259,2020-05-07,YER,0.005710,239.8200,62000.0000,62000.00,YER
A_YER_rate_doc_mismatch,2-مبيع:12603,2021-10-31,YER,0.002703,91.9000,64000.0000,64000.00,YER
A_YER_rate_doc_mismatch,2-مبيع:12657,2021-11-01,YER,0.002703,89.2000,61000.0000,61000.00,YER
A_YER_rate_doc_mismatch,2-مبيع:12677,2021-11-02,YER,0.002703,70.2800,41000.0000,41000.00,YER
A_YER_rate_doc_mismatch,2-مبيع:12723,2021-11-03,YER,0.002703,400.0400,301000.0000,301000.00,YER
A_YER_rate_doc_mismatch,2-مبيع:12729,2021-11-03,YER,0.002703,64.8700,40000.0000,40000.00,YER
A_YER_rate_doc_mismatch,2-مبيع:12747,2021-11-03,YER,0.002703,318.9500,168000.0000,168000.00,YER
A_YER_rate_doc_mismatch,2-مبيع:1282,2020-05-08,YER,0.005710,485.3500,131500.0000,131500.00,YER
A_YER_rate_doc_mismatch,2-مبيع:12878,2021-11-07,YER,0.002500,30.0000,20000.0000,20000.00,YER
A_YER_rate_doc_mismatch,2-مبيع:12882,2021-11-07,YER,0.002500,130.0000,82000.0000,82000.00,YER
A_YER_rate_doc_mismatch,2-مبيع:1291,2020-05-09,YER,0.005710,462.5100,122000.0000,122000.00,YER
A_YER_rate_doc_mismatch,2-مبيع:12917,2021-11-08,YER,0.002500,45.0000,31000.0000,31000.00,YER
A_YER_rate_doc_mismatch,2-مبيع:12948,2021-11-09,YER,0.002500,50.0000,33000.0000,33000.00,YER
A_YER_rate_doc_mismatch,2-مبيع:1297,2020-05-09,YER,0.005710,885.0500,165000.0000,165000.00,YER
A_YER_rate_doc_mismatch,2-مبيع:1298,2020-05-09,YER,0.005710,39.9700,10500.0000,10500.00,YER
A_YER_rate_doc_mismatch,2-مبيع:12996,2021-11-10,YER,0.002500,30.0000,32000.0000,32000.00,YER
A_YER_rate_doc_mismatch,2-مبيع:13110,2021-11-13,YER,0.002500,206.2500,122500.0000,122500.00,YER
A_YER_rate_doc_mismatch,2-مبيع:13118,2021-11-13,YER,0.002500,236.2500,103000.0000,103000.00,YER
A_YER_rate_doc_mismatch,2-مبيع:1313,2020-05-10,YER,0.005710,171.3000,42700.0000,42700.00,YER
A_YER_rate_doc_mismatch,2-مبيع:13160,2021-11-14,YER,0.002500,62.5000,45000.0000,45000.00,YER
A_YER_rate_doc_mismatch,2-مبيع:1319,2020-05-11,YER,0.005710,105.6300,28500.0000,28500.00,YER
A_YER_rate_doc_mismatch,2-مبيع:13208,2021-11-16,YER,0.002500,47.5000,23000.0000,23000.00,YER
A_YER_rate_doc_mismatch,2-مبيع:13271,2021-11-18,YER,0.002500,95.0000,58000.0000,58000.00,YER
A_YER_rate_doc_mismatch,2-مبيع:13293,2021-11-18,YER,0.002500,385.0000,262000.0000,262000.00,YER
A_YER_rate_doc_mismatch,2-مبيع:13300,2021-11-18,YER,0.002500,150.0000,115000.0000,115000.00,YER
A_YER_rate_doc_mismatch,2-مبيع:13367,2021-11-21,YER,0.002500,67.5000,40000.0000,40000.00,YER
A_YER_rate_doc_mismatch,2-مبيع:13394,2021-11-22,YER,0.002500,35.0000,25000.0000,25000.00,YER
A_YER_rate_doc_mismatch,2-مبيع:1340,2020-05-11,YER,0.005710,331.1800,108000.0000,108000.00,YER
A_YER_rate_doc_mismatch,2-مبيع:13416,2021-11-22,YER,0.002500,45.0000,31000.0000,31000.00,YER
A_YER_rate_doc_mismatch,2-مبيع:13455,2021-11-23,YER,0.002500,17.5000,10000.0000,10000.00,YER
A_YER_rate_doc_mismatch,2-مبيع:13489,2021-11-23,YER,0.002500,100.0000,70000.0000,70000.00,YER
A_YER_rate_doc_mismatch,2-مبيع:1354,2020-05-12,YER,0.005710,228.4000,75000.0000,75000.00,YER
A_YER_rate_doc_mismatch,2-مبيع:13576,2021-11-26,YER,0.002500,122.5000,79000.0000,79000.00,YER
A_YER_rate_doc_mismatch,2-مبيع:13578,2021-11-26,YER,0.002500,75.0000,50000.0000,50000.00,YER
A_YER_rate_doc_mismatch,2-مبيع:13582,2021-11-26,YER,0.002500,62.5000,45000.0000,45000.00,YER
A_YER_rate_doc_mismatch,2-مبيع:13616,2021-11-29,YER,0.002500,72.5000,47000.0000,47000.00,YER
A_YER_rate_doc_mismatch,2-مبيع:1375,2020-05-13,YER,0.005710,114.2000,25000.0000,25000.00,YER
A_YER_rate_doc_mismatch,2-مبيع:13756,2021-12-04,YER,0.002222,144.4300,115000.0000,115000.00,YER
A_YER_rate_doc_mismatch,2-مبيع:1376,2020-05-13,YER,0.005710,188.4300,36000.0000,36000.00,YER
A_YER_rate_doc_mismatch,2-مبيع:13810,2021-12-05,YER,0.002222,75.5500,56000.0000,56000.00,YER
A_YER_rate_doc_mismatch,2-مبيع:13829,2021-12-06,YER,0.004545,90.9100,33000.0000,33000.00,YER
A_YER_rate_doc_mismatch,2-مبيع:13832,2021-12-06,YER,0.004545,202.2700,47466.6700,47466.67,YER
A_YER_rate_doc_mismatch,2-مبيع:13875,2021-12-07,YER,0.002222,11.1100,6000.0000,6000.00,YER
A_YER_rate_doc_mismatch,2-مبيع:13889,2021-12-08,YER,0.002222,111.1000,69000.0000,69000.00,YER
A_YER_rate_doc_mismatch,2-مبيع:13929,2021-12-09,YER,0.002222,132.2100,105000.0000,105000.00,YER
A_YER_rate_doc_mismatch,2-مبيع:13952,2021-12-09,YER,0.002222,104.4300,72000.0000,72000.00,YER
A_YER_rate_doc_mismatch,2-مبيع:13953,2021-12-10,YER,0.002222,66.6600,45000.0000,45000.00,YER
A_YER_rate_doc_mismatch,2-مبيع:14115,2021-12-15,YER,0.002500,100.0000,70000.0000,70000.00,YER
A_YER_rate_doc_mismatch,2-مبيع:1414,2020-05-18,YER,0.005710,302.6300,73000.0000,73000.00,YER
A_YER_rate_doc_mismatch,2-مبيع:1415,2020-05-18,YER,0.005710,71.3800,14800.0000,14800.00,YER
A_YER_rate_doc_mismatch,2-مبيع:14185,2021-12-17,YER,0.002500,175.0000,104000.0000,104000.00,YER
A_YER_rate_doc_mismatch,2-مبيع:14187,2021-12-17,YER,0.002500,100.0000,55000.0000,55000.00,YER
A_YER_rate_doc_mismatch,2-مبيع:1421,2020-05-18,YER,0.005710,39.9700,11000.0000,11000.00,YER
A_YER_rate_doc_mismatch,2-مبيع:14229,2021-12-19,YER,0.002500,32.5000,22000.0000,22000.00,YER
A_YER_rate_doc_mismatch,2-مبيع:14252,2021-12-19,YER,0.002500,32.5000,20000.0000,20000.00,YER
A_YER_rate_doc_mismatch,2-مبيع:14312,2021-12-21,YER,0.002500,30.0000,18000.0000,18000.00,YER
A_YER_rate_doc_mismatch,2-مبيع:14343,2021-12-22,YER,0.002500,42.5000,30500.0000,30500.00,YER
A_YER_rate_doc_mismatch,2-مبيع:14348,2021-12-22,YER,0.002500,75.0000,45000.0000,45000.00,YER
A_YER_rate_doc_mismatch,2-مبيع:1438,2020-05-19,YER,0.005710,274.0800,63000.0000,63000.00,YER
A_YER_rate_doc_mismatch,2-مبيع:1439,2020-05-19,YER,0.005710,320.9000,72200.0000,72200.00,YER
A_YER_rate_doc_mismatch,2-مبيع:14411,2021-12-23,YER,0.002857,57.1400,34000.0000,34000.00,YER
A_YER_rate_doc_mismatch,2-مبيع:14494,2021-12-26,YER,0.003571,117.8400,57000.0000,57000.00,YER
A_YER_rate_doc_mismatch,2-مبيع:14505,2021-12-26,YER,0.003571,46.4200,23000.0000,23000.00,YER
A_YER_rate_doc_mismatch,2-مبيع:14539,2021-12-27,YER,0.003571,232.1200,125000.0000,125000.00,YER
A_YER_rate_doc_mismatch,2-مبيع:14610,2021-12-28,YER,0.003571,71.4200,26500.0000,26500.00,YER
A_YER_rate_doc_mismatch,2-مبيع:14631,2021-12-29,YER,0.003571,46.4200,23000.0000,23000.00,YER
A_YER_rate_doc_mismatch,2-مبيع:14647,2021-12-29,YER,0.003571,328.5300,172000.0000,172000.00,YER
A_YER_rate_doc_mismatch,2-مبيع:1465,2020-05-21,YER,0.005710,68.5200,21000.0000,21000.00,YER
A_YER_rate_doc_mismatch,2-مبيع:1468,2020-05-21,YER,0.005710,245.5300,53000.0000,53000.00,YER
A_YER_rate_doc_mismatch,2-مبيع:1473,2020-05-21,YER,0.005710,119.9100,33000.0000,33000.00,YER
A_YER_rate_doc_mismatch,2-مبيع:14740,2022-01-02,YER,0.004348,191.3100,68000.0000,68000.00,YER
A_YER_rate_doc_mismatch,2-مبيع:14819,2022-01-04,YER,0.003333,96.6600,53000.0000,53000.00,YER
A_YER_rate_doc_mismatch,2-مبيع:1488,2020-05-22,YER,0.005710,142.7500,30000.0000,30000.00,YER
A_YER_rate_doc_mismatch,2-مبيع:14882,2022-01-05,YER,0.003333,149.9900,75000.0000,75000.00,YER
A_YER_rate_doc_mismatch,2-مبيع:14908,2022-01-06,YER,0.003333,93.3200,40000.0000,40000.00,YER
A_YER_rate_doc_mismatch,2-مبيع:14952,2022-01-08,YER,0.003333,73.3300,37000.0000,37000.00,YER
A_YER_rate_doc_mismatch,2-مبيع:14961,2022-01-10,YER,0.003333,69.9900,31000.0000,31000.00,YER
A_YER_rate_doc_mismatch,2-مبيع:14990,2022-01-11,YER,0.003333,43.3300,16000.0000,16000.00,YER
A_YER_rate_doc_mismatch,2-مبيع:15044,2022-01-12,YER,0.003333,259.9700,118000.0000,118000.00,YER
A_YER_rate_doc_mismatch,2-مبيع:1507,2020-05-27,YER,0.005710,308.3400,98000.0000,98000.00,YER
A_YER_rate_doc_mismatch,2-مبيع:15079,2022-01-12,YER,0.003333,149.9800,75000.0000,75000.00,YER
A_YER_rate_doc_mismatch,2-مبيع:15085,2022-01-13,YER,0.003333,453.2900,216000.0000,216000.00,YER
A_YER_rate_doc_mismatch,2-مبيع:15118,2022-01-13,YER,0.003333,213.3100,103000.0000,103000.00,YER
A_YER_rate_doc_mismatch,2-مبيع:15130,2022-01-14,YER,0.003333,233.3100,76000.0000,76000.00,YER
A_YER_rate_doc_mismatch,2-مبيع:15133,2022-01-14,YER,0.003333,383.3000,210000.0000,210000.00,YER
A_YER_rate_doc_mismatch,2-مبيع:15205,2022-01-16,YER,0.003333,40.0000,17000.0000,17000.00,YER
A_YER_rate_doc_mismatch,2-مبيع:15237,2022-01-17,YER,0.002857,68.5700,39000.0000,39000.00,YER
A_YER_rate_doc_mismatch,2-مبيع:15283,2022-01-18,YER,0.002857,85.7100,50000.0000,50000.00,YER
A_YER_rate_doc_mismatch,2-مبيع:15333,2022-01-20,YER,0.002857,28.5700,15000.0000,15000.00,YER
A_YER_rate_doc_mismatch,2-مبيع:15427,2022-01-24,YER,0.003125,196.8800,101000.0000,101000.00,YER
A_YER_rate_doc_mismatch,2-مبيع:15454,2022-01-25,YER,0.003125,56.2500,28000.0000,28000.00,YER
A_YER_rate_doc_mismatch,2-مبيع:1549,2020-05-31,YER,0.005710,85.6500,16000.0000,16000.00,YER
A_YER_rate_doc_mismatch,2-مبيع:15523,2022-01-27,YER,0.003125,68.7500,29000.0000,29000.00,YER
A_YER_rate_doc_mismatch,2-مبيع:15615,2022-01-30,YER,0.003125,57.8100,32000.0000,32000.00,YER
A_YER_rate_doc_mismatch,2-مبيع:15620,2022-01-30,YER,0.003125,46.8800,25000.0000,25000.00,YER
A_YER_rate_doc_mismatch,2-مبيع:1563,2020-06-02,YER,0.005710,159.8800,46000.0000,46000.00,YER
A_YER_rate_doc_mismatch,2-مبيع:1564,2020-06-02,YER,0.005710,45.6800,117100.0000,117100.00,YER
A_YER_rate_doc_mismatch,2-مبيع:15669,2022-01-31,YER,0.003125,46.8800,20000.0000,20000.00,YER
A_YER_rate_doc_mismatch,2-مبيع:15705,2022-02-02,YER,0.003125,187.5000,100000.0000,100000.00,YER
A_YER_rate_doc_mismatch,2-مبيع:15740,2022-02-03,YER,0.003125,175.0000,106000.0000,106000.00,YER
A_YER_rate_doc_mismatch,2-مبيع:15803,2022-02-05,YER,0.003125,62.5000,28000.0000,28000.00,YER
A_YER_rate_doc_mismatch,2-مبيع:15891,2022-02-07,YER,0.003125,493.7500,258000.0000,258000.00,YER
A_YER_rate_doc_mismatch,2-مبيع:15914,2022-02-08,YER,0.003125,109.3800,64500.0000,64500.00,YER
A_YER_rate_doc_mismatch,2-مبيع:1597,2020-06-06,YER,0.005710,473.9300,118000.0000,118000.00,YER
A_YER_rate_doc_mismatch,2-مبيع:15973,2022-02-10,YER,0.003125,143.7500,72000.0000,72000.00,YER
A_YER_rate_doc_mismatch,2-مبيع:1601,2020-06-06,YER,0.005710,408.2600,114000.0000,114000.00,YER
A_YER_rate_doc_mismatch,2-مبيع:16027,2022-02-11,YER,0.003125,93.7500,65000.0000,65000.00,YER
A_YER_rate_doc_mismatch,2-مبيع:16097,2022-02-14,YER,0.003125,125.0000,50000.0000,50000.00,YER
A_YER_rate_doc_mismatch,2-مبيع:16115,2022-02-14,YER,0.003125,312.5000,170000.0000,170000.00,YER
A_YER_rate_doc_mismatch,2-مبيع:1616,2020-06-06,YER,0.005710,228.4000,42000.0000,42000.00,YER
A_YER_rate_doc_mismatch,2-مبيع:16189,2022-02-16,YER,0.003125,37.5000,20000.0000,20000.00,YER
A_YER_rate_doc_mismatch,2-مبيع:16193,2022-02-16,YER,0.003125,125.0000,64500.0000,64500.00,YER
A_YER_rate_doc_mismatch,2-مبيع:16217,2022-02-17,YER,0.003125,93.7500,55000.0000,55000.00,YER
A_YER_rate_doc_mismatch,2-مبيع:16218,2022-02-17,YER,0.003125,109.3800,59000.0000,59000.00,YER
A_YER_rate_doc_mismatch,2-مبيع:1623,2020-06-07,YER,0.005710,325.4700,64000.0000,64000.00,YER
A_YER_rate_doc_mismatch,2-مبيع:16241,2022-02-17,YER,0.003125,281.2500,140000.0000,140000.00,YER
A_YER_rate_doc_mismatch,2-مبيع:16267,2022-02-18,YER,0.003125,168.7500,82000.0000,82000.00,YER
A_YER_rate_doc_mismatch,2-مبيع:16271,2022-02-18,YER,0.003125,42.1900,20000.0000,20000.00,YER
A_YER_rate_doc_mismatch,2-مبيع:16282,2022-02-19,YER,0.003125,62.5000,30000.0000,30000.00,YER
A_YER_rate_doc_mismatch,2-مبيع:1632,2020-06-07,YER,0.005710,171.3000,45000.0000,45000.00,YER
A_YER_rate_doc_mismatch,2-مبيع:16357,2022-02-20,YER,0.003125,242.1900,122500.0000,122500.00,YER
A_YER_rate_doc_mismatch,2-مبيع:16400,2022-02-21,YER,0.003125,175.0000,96000.0000,96000.00,YER
A_YER_rate_doc_mismatch,2-مبيع:16449,2022-02-22,YER,0.003125,28.1300,15000.0000,15000.00,YER
A_YER_rate_doc_mismatch,2-مبيع:16471,2022-02-23,YER,0.003125,109.3800,55000.0000,55000.00,YER
A_YER_rate_doc_mismatch,2-مبيع:16484,2022-02-23,YER,0.003125,118.7500,46000.0000,46000.00,YER
A_YER_rate_doc_mismatch,2-مبيع:1653,2020-06-08,YER,0.005710,119.9100,27000.0000,27000.00,YER
A_YER_rate_doc_mismatch,2-مبيع:16550,2022-02-25,YER,0.003125,67.1900,38500.0000,38500.00,YER
A_YER_rate_doc_mismatch,2-مبيع:16551,2022-02-25,YER,0.003125,78.1300,48000.0000,48000.00,YER
A_YER_rate_doc_mismatch,2-مبيع:16557,2022-02-25,YER,0.003125,292.1900,173500.0000,173500.00,YER
A_YER_rate_doc_mismatch,2-مبيع:16559,2022-02-25,YER,0.003125,106.2500,49000.0000,49000.00,YER
A_YER_rate_doc_mismatch,2-مبيع:16570,2022-02-26,YER,0.003125,134.3800,78000.0000,78000.00,YER
A_YER_rate_doc_mismatch,2-مبيع:16602,2022-02-26,YER,0.003125,346.8800,211000.0000,211000.00,YER
A_YER_rate_doc_mismatch,2-مبيع:16607,2022-02-26,YER,0.003125,171.8800,85000.0000,85000.00,YER
A_YER_rate_doc_mismatch,2-مبيع:16632,2022-02-27,YER,0.003125,92.1900,49500.0000,49500.00,YER
A_YER_rate_doc_mismatch,2-مبيع:16666,2022-02-27,YER,0.003125,75.0000,43500.0000,43500.00,YER
A_YER_rate_doc_mismatch,2-مبيع:16684,2022-02-28,YER,0.003125,68.7500,32000.0000,32000.00,YER
A_YER_rate_doc_mismatch,2-مبيع:16686,2022-02-28,YER,0.003125,228.1300,123000.0000,123000.00,YER
A_YER_rate_doc_mismatch,2-مبيع:16717,2022-02-28,YER,0.003125,71.8800,40000.0000,40000.00,YER
A_YER_rate_doc_mismatch,2-مبيع:16722,2022-03-01,YER,0.003125,140.6300,85000.0000,85000.00,YER
A_YER_rate_doc_mismatch,2-مبيع:16737,2022-03-01,YER,0.003125,93.7500,55000.0000,55000.00,YER
A_YER_rate_doc_mismatch,2-مبيع:16764,2022-03-02,YER,0.003125,62.5000,30000.0000,30000.00,YER
A_YER_rate_doc_mismatch,2-مبيع:16767,2022-03-02,YER,0.003125,109.3800,67000.0000,67000.00,YER
A_YER_rate_doc_mismatch,2-مبيع:1680,2020-06-10,YER,0.005710,576.7100,167000.0000,167000.00,YER
A_YER_rate_doc_mismatch,2-مبيع:16816,2022-03-03,YER,0.003125,156.2500,72000.0000,72000.00,YER
A_YER_rate_doc_mismatch,2-مبيع:16819,2022-03-03,YER,0.003125,81.2500,41000.0000,41000.00,YER
A_YER_rate_doc_mismatch,2-مبيع:16837,2022-03-04,YER,0.003125,140.6300,85000.0000,85000.00,YER
A_YER_rate_doc_mismatch,2-مبيع:16865,2022-03-05,YER,0.003125,62.5000,30000.0000,30000.00,YER
A_YER_rate_doc_mismatch,2-مبيع:169,2020-02-23,YER,0.006670,93.3800,24000.0000,24000.00,YER
A_YER_rate_doc_mismatch,2-مبيع:16967,2022-03-07,YER,0.003125,25.0000,12000.0000,12000.00,YER
A_YER_rate_doc_mismatch,2-مبيع:16975,2022-03-07,YER,0.003125,156.2500,80000.0000,80000.00,YER
A_YER_rate_doc_mismatch,2-مبيع:16983,2022-03-07,YER,0.003125,93.7500,50000.0000,50000.00,YER
A_YER_rate_doc_mismatch,2-مبيع:16984,2023-03-14,YER,0.002940,82.3200,37000.0000,37000.00,YER
A_YER_rate_doc_mismatch,2-مبيع:1700,2020-06-11,YER,0.005710,239.8200,50000.0000,50000.00,YER
A_YER_rate_doc_mismatch,2-مبيع:17012,2022-03-08,YER,0.003125,292.1900,125500.0000,125500.00,YER
A_YER_rate_doc_mismatch,2-مبيع:17038,2022-03-09,YER,0.003125,21.8800,40000.0000,40000.00,YER
A_YER_rate_doc_mismatch,2-مبيع:17056,2022-03-09,YER,0.003125,71.8800,39000.0000,39000.00,YER
A_YER_rate_doc_mismatch,2-مبيع:1710,2020-06-13,YER,0.005710,827.9500,245000.0000,245000.00,YER
A_YER_rate_doc_mismatch,2-مبيع:17110,2022-03-10,YER,0.003125,46.8800,25000.0000,25000.00,YER
A_YER_rate_doc_mismatch,2-مبيع:1713,2020-06-13,YER,0.005710,593.8400,118000.0000,118000.00,YER
A_YER_rate_doc_mismatch,2-مبيع:17148,2022-03-12,YER,0.003125,131.2500,73000.0000,73000.00,YER
A_YER_rate_doc_mismatch,2-مبيع:17160,2022-03-12,YER,0.003125,343.7500,215000.0000,215000.00,YER
A_YER_rate_doc_mismatch,2-مبيع:17162,2022-03-12,YER,0.003125,165.6300,80000.0000,80000.00,YER
A_YER_rate_doc_mismatch,2-مبيع:17231,2022-03-14,YER,0.003125,100.0000,60000.0000,60000.00,YER
A_YER_rate_doc_mismatch,2-مبيع:17365,2022-03-18,YER,0.003125,43.7500,24000.0000,24000.00,YER
A_YER_rate_doc_mismatch,2-مبيع:17378,2022-03-19,YER,0.003125,296.8800,185000.0000,185000.00,YER
A_YER_rate_doc_mismatch,2-مبيع:17400,2022-03-19,YER,0.003125,131.2500,71000.0000,71000.00,YER
A_YER_rate_doc_mismatch,2-مبيع:17415,2022-03-20,YER,0.003125,206.2500,126000.0000,126000.00,YER
A_YER_rate_doc_mismatch,2-مبيع:17455,2022-03-21,YER,0.003125,151.5600,78500.0000,78500.00,YER
A_YER_rate_doc_mismatch,2-مبيع:17464,2022-03-21,YER,0.003125,25.0000,12000.0000,12000.00,YER
A_YER_rate_doc_mismatch,2-مبيع:17514,2022-03-22,YER,0.003125,220.3100,123500.0000,123500.00,YER
A_YER_rate_doc_mismatch,2-مبيع:17529,2022-03-22,YER,0.003125,46.8800,25000.0000,25000.00,YER
A_YER_rate_doc_mismatch,2-مبيع:17530,2022-03-22,YER,0.003125,157.8100,82500.0000,82500.00,YER
A_YER_rate_doc_mismatch,2-مبيع:17590,2022-03-23,YER,0.003125,190.6300,93000.0000,93000.00,YER
A_YER_rate_doc_mismatch,2-مبيع:17692,2022-03-27,YER,0.003125,337.5000,211000.0000,211000.00,YER
A_YER_rate_doc_mismatch,2-مبيع:1771,2020-06-16,YER,0.005000,45.0000,13000.0000,13000.00,YER
A_YER_rate_doc_mismatch,2-مبيع:1774,2020-06-16,YER,0.005000,40.0000,13000.0000,13000.00,YER
A_YER_rate_doc_mismatch,2-مبيع:1776,2020-06-16,YER,0.005000,45.0000,12000.0000,12000.00,YER
A_YER_rate_doc_mismatch,2-مبيع:17767,2022-03-29,YER,0.003125,56.2500,28000.0000,28000.00,YER
A_YER_rate_doc_mismatch,2-مبيع:17797,2022-03-29,YER,0.003125,62.5000,30000.0000,30000.00,YER
A_YER_rate_doc_mismatch,2-مبيع:1781,2020-06-16,YER,0.005000,525.0000,110000.0000,110000.00,YER
A_YER_rate_doc_mismatch,2-مبيع:17816,2022-03-30,YER,0.003125,250.0000,145000.0000,145000.00,YER
A_YER_rate_doc_mismatch,2-مبيع:17847,2022-03-31,YER,0.003125,78.1300,44000.0000,44000.00,YER
A_YER_rate_doc_mismatch,2-مبيع:17896,2022-04-01,YER,0.003125,258.7500,103800.0000,103800.00,YER
A_YER_rate_doc_mismatch,2-مبيع:17905,2022-04-02,YER,0.003125,481.2500,204000.0000,204000.00,YER
A_YER_rate_doc_mismatch,2-مبيع:17942,2022-04-03,YER,0.003125,56.2500,28000.0000,28000.00,YER
A_YER_rate_doc_mismatch,2-مبيع:17961,2022-04-05,YER,0.003125,37.5000,20000.0000,20000.00,YER
A_YER_rate_doc_mismatch,2-مبيع:1799,2020-06-17,YER,0.005000,35.0000,10000.0000,10000.00,YER
A_YER_rate_doc_mismatch,2-مبيع:17994,2022-04-06,YER,0.003125,156.2500,95000.0000,95000.00,YER
A_YER_rate_doc_mismatch,2-مبيع:18014,2022-04-07,YER,0.003125,71.8800,40000.0000,40000.00,YER
A_YER_rate_doc_mismatch,2-مبيع:1804,2020-06-17,YER,0.005000,525.0000,110000.0000,110000.00,YER
A_YER_rate_doc_mismatch,2-مبيع:18051,2022-04-09,YER,0.003125,203.1300,95000.0000,95000.00,YER
A_YER_rate_doc_mismatch,2-مبيع:1812,2020-06-18,YER,0.005000,410.0000,84000.0000,84000.00,YER
A_YER_rate_doc_mismatch,2-مبيع:18141,2022-04-14,YER,0.003125,218.7500,120000.0000,120000.00,YER
A_YER_rate_doc_mismatch,2-مبيع:18156,2022-04-14,YER,0.003125,50.0000,40000.0000,40000.00,YER
A_YER_rate_doc_mismatch,2-مبيع:18188,2022-04-15,YER,0.003125,21.8800,10000.0000,10000.00,YER
A_YER_rate_doc_mismatch,2-مبيع:18214,2022-04-16,YER,0.003125,40.6300,23000.0000,23000.00,YER
A_YER_rate_doc_mismatch,2-مبيع:1822,2020-06-18,YER,0.005000,165.0000,51000.0000,51000.00,YER
A_YER_rate_doc_mismatch,2-مبيع:18221,2022-04-16,YER,0.003125,93.7500,49000.0000,49000.00,YER
A_YER_rate_doc_mismatch,2-مبيع:18241,2022-04-17,YER,0.003125,150.0000,77000.0000,77000.00,YER
A_YER_rate_doc_mismatch,2-مبيع:18250,2022-04-17,YER,0.003125,421.8800,141000.0000,141000.00,YER
A_YER_rate_doc_mismatch,2-مبيع:1827,2020-06-18,YER,0.005000,260.0000,92000.0000,92000.00,YER
A_YER_rate_doc_mismatch,2-مبيع:1828,2020-06-18,YER,0.005000,250.0000,87000.0000,87000.00,YER
A_YER_rate_doc_mismatch,2-مبيع:18332,2022-04-20,YER,0.003125,62.5000,27500.0000,27500.00,YER
A_YER_rate_doc_mismatch,2-مبيع:1845,2020-06-20,YER,0.005000,45.0000,15000.0000,15000.00,YER
A_YER_rate_doc_mismatch,2-مبيع:18459,2022-04-25,YER,0.003125,53.1300,21000.0000,21000.00,YER
A_YER_rate_doc_mismatch,2-مبيع:18487,2022-04-26,YER,0.003125,109.3800,50000.0000,50000.00,YER
A_YER_rate_doc_mismatch,2-مبيع:18502,2022-04-26,YER,0.003125,140.6300,67000.0000,67000.00,YER
A_YER_rate_doc_mismatch,2-مبيع:18518,2022-04-27,YER,0.003125,143.7500,56000.0000,56000.00,YER
A_YER_rate_doc_mismatch,2-مبيع:1854,2020-06-20,YER,0.005000,60.0000,18000.0000,18000.00,YER
A_YER_rate_doc_mismatch,2-مبيع:18549,2022-04-28,YER,0.003125,168.7500,69000.0000,69000.00,YER
A_YER_rate_doc_mismatch,2-مبيع:18558,2022-04-28,YER,0.003125,178.1300,107000.0000,107000.00,YER
A_YER_rate_doc_mismatch,2-مبيع:18625,2022-04-30,YER,0.003125,93.7500,45000.0000,45000.00,YER
A_YER_rate_doc_mismatch,2-مبيع:18628,2022-04-30,YER,0.003125,46.8800,25000.0000,25000.00,YER
A_YER_rate_doc_mismatch,2-مبيع:18685,2022-05-01,YER,0.003125,104.6900,53500.0000,53500.00,YER
A_YER_rate_doc_mismatch,2-مبيع:18697,2022-05-02,YER,0.003125,93.7500,40000.0000,40000.00,YER
A_YER_rate_doc_mismatch,2-مبيع:18753,2022-05-07,YER,0.003125,162.5000,92000.0000,92000.00,YER
A_YER_rate_doc_mismatch,2-مبيع:18762,2022-05-07,YER,0.003125,309.3800,194000.0000,194000.00,YER
A_YER_rate_doc_mismatch,2-مبيع:18814,2022-05-08,YER,0.003125,448.4400,236500.0000,236500.00,YER
A_YER_rate_doc_mismatch,2-مبيع:1883,2020-06-21,YER,0.005000,25.0000,7000.0000,7000.00,YER
A_YER_rate_doc_mismatch,2-مبيع:18958,2022-05-12,YER,0.003125,43.7500,21000.0000,21000.00,YER
A_YER_rate_doc_mismatch,2-مبيع:18970,2022-05-12,YER,0.003125,46.8800,25000.0000,25000.00,YER
A_YER_rate_doc_mismatch,2-مبيع:1898,2020-06-22,YER,0.005000,151.5000,59300.0000,59300.00,YER
A_YER_rate_doc_mismatch,2-مبيع:1900,2020-06-22,YER,0.005000,205.0000,60500.0000,60500.00,YER
A_YER_rate_doc_mismatch,2-مبيع:19020,2022-05-14,YER,0.003125,15.6300,9000.0000,9000.00,YER
A_YER_rate_doc_mismatch,2-مبيع:19029,2022-05-14,YER,0.003125,400.0000,245000.0000,245000.00,YER
A_YER_rate_doc_mismatch,2-مبيع:1904,2020-06-22,YER,0.005000,55.0000,26000.0000,26000.00,YER
A_YER_rate_doc_mismatch,2-مبيع:19062,2022-05-15,YER,0.003125,75.0000,39000.0000,39000.00,YER
A_YER_rate_doc_mismatch,2-مبيع:19111,2022-05-16,YER,0.003125,300.0000,156000.0000,156000.00,YER
A_YER_rate_doc_mismatch,2-مبيع:1914,2020-06-23,YER,0.005000,100.0000,30000.0000,30000.00,YER
A_YER_rate_doc_mismatch,2-مبيع:19147,2022-05-17,YER,0.003125,50.0000,26000.0000,26000.00,YER
A_YER_rate_doc_mismatch,2-مبيع:1917,2020-06-23,YER,0.005000,165.0000,36000.0000,36000.00,YER
A_YER_rate_doc_mismatch,2-مبيع:19185,2022-05-18,YER,0.003125,100.0000,42000.0000,42000.00,YER
A_YER_rate_doc_mismatch,2-مبيع:19190,2022-05-18,YER,0.003125,135.9400,73500.0000,73500.00,YER
A_YER_rate_doc_mismatch,2-مبيع:19194,2022-05-18,YER,0.003125,171.8800,105000.0000,105000.00,YER
A_YER_rate_doc_mismatch,2-مبيع:19207,2022-05-19,YER,0.003125,62.5000,60000.0000,60000.00,YER
A_YER_rate_doc_mismatch,2-مبيع:19214,2022-05-19,YER,0.003125,125.0000,110000.0000,110000.00,YER
A_YER_rate_doc_mismatch,2-مبيع:1925,2020-06-23,YER,0.005000,45.0000,15000.0000,15000.00,YER
A_YER_rate_doc_mismatch,2-مبيع:19267,2022-05-21,YER,0.003125,31.2500,12000.0000,12000.00,YER
A_YER_rate_doc_mismatch,2-مبيع:19276,2022-05-22,YER,0.003125,25.0000,14000.0000,14000.00,YER
A_YER_rate_doc_mismatch,2-مبيع:19290,2022-05-22,YER,0.003125,629.6900,341500.0000,341500.00,YER
A_YER_rate_doc_mismatch,2-مبيع:19291,2022-05-22,YER,0.003125,187.5000,95000.0000,95000.00,YER
A_YER_rate_doc_mismatch,2-مبيع:19370,2022-05-24,YER,0.003125,78.1300,40000.0000,40000.00,YER
A_YER_rate_doc_mismatch,2-مبيع:19381,2022-05-24,YER,0.003125,1234.3800,625000.0000,625000.00,YER
A_YER_rate_doc_mismatch,2-مبيع:19402,2022-05-25,YER,0.003125,515.6300,300000.0000,300000.00,YER
A_YER_rate_doc_mismatch,2-مبيع:19407,2022-05-25,YER,0.003125,106.2500,84000.0000,84000.00,YER
A_YER_rate_doc_mismatch,2-مبيع:19434,2022-05-25,YER,0.003125,125.0000,70000.0000,70000.00,YER
A_YER_rate_doc_mismatch,2-مبيع:19482,2022-05-27,YER,0.003704,463.0000,240000.0000,240000.00,YER
A_YER_rate_doc_mismatch,2-مبيع:19501,2022-05-28,YER,0.003704,70.3800,35000.0000,35000.00,YER
A_YER_rate_doc_mismatch,2-مبيع:19507,2022-05-28,YER,0.003704,170.3800,72000.0000,72000.00,YER
A_YER_rate_doc_mismatch,2-مبيع:1953,2020-06-25,YER,0.005000,325.0000,105000.0000,105000.00,YER
A_YER_rate_doc_mismatch,2-مبيع:19554,2022-05-29,YER,0.003704,240.7600,100000.0000,100000.00,YER
A_YER_rate_doc_mismatch,2-مبيع:19594,2022-05-30,YER,0.003704,346.3200,163500.0000,163500.00,YER
A_YER_rate_doc_mismatch,2-مبيع:19613,2022-05-30,YER,0.003704,274.1000,81000.0000,81000.00,YER
A_YER_rate_doc_mismatch,2-مبيع:19626,2022-05-31,YER,0.003704,472.2600,207500.0000,207500.00,YER
A_YER_rate_doc_mismatch,2-مبيع:19679,2022-06-01,YER,0.003450,258.7500,125000.0000,125000.00,YER
A_YER_rate_doc_mismatch,2-مبيع:1968,2020-06-26,YER,0.005000,190.0000,86000.0000,86000.00,YER
A_YER_rate_doc_mismatch,2-مبيع:19683,2022-06-01,YER,0.003450,82.8000,34000.0000,34000.00,YER
A_YER_rate_doc_mismatch,2-مبيع:1970,2020-06-27,YER,0.005000,100.0000,30000.0000,30000.00,YER
A_YER_rate_doc_mismatch,2-مبيع:19702,2022-06-02,YER,0.003450,58.6500,32000.0000,32000.00,YER
A_YER_rate_doc_mismatch,2-مبيع:19734,2022-06-04,YER,0.003450,134.5500,69000.0000,69000.00,YER
A_YER_rate_doc_mismatch,2-مبيع:19740,2022-06-04,YER,0.003450,41.4000,32000.0000,32000.00,YER
A_YER_rate_doc_mismatch,2-مبيع:19741,2022-06-04,YER,0.003450,124.2000,42000.0000,42000.00,YER
A_YER_rate_doc_mismatch,2-مبيع:19762,2022-06-04,YER,0.003450,227.7000,108000.0000,108000.00,YER
A_YER_rate_doc_mismatch,2-مبيع:19776,2022-06-05,YER,0.003450,89.7000,36000.0000,36000.00,YER
A_YER_rate_doc_mismatch,2-مبيع:19812,2022-06-06,YER,0.003450,151.8000,64000.0000,64000.00,YER
A_YER_rate_doc_mismatch,2-مبيع:19848,2022-06-07,YER,0.003450,239.7800,119500.0000,119500.00,YER
A_YER_rate_doc_mismatch,2-مبيع:1986,2020-06-27,YER,0.005000,115.0000,38000.0000,38000.00,YER
A_YER_rate_doc_mismatch,2-مبيع:19926,2025-01-01,YER,0.001900,38.0000,26000.0000,26000.00,YER
A_YER_rate_doc_mismatch,2-مبيع:19940,2022-06-11,YER,0.003450,86.2500,45000.0000,45000.00,YER
A_YER_rate_doc_mismatch,2-مبيع:19985,2022-06-12,YER,0.003450,82.8000,39000.0000,39000.00,YER
A_YER_rate_doc_mismatch,2-مبيع:19990,2022-06-12,YER,0.003450,234.6000,125000.0000,125000.00,YER
A_YER_rate_doc_mismatch,2-مبيع:2000,2020-06-28,YER,0.005000,347.5000,114500.0000,114500.00,YER
A_YER_rate_doc_mismatch,2-مبيع:2001,2020-06-28,YER,0.005000,200.0000,42000.0000,42000.00,YER
A_YER_rate_doc_mismatch,2-مبيع:20031,2022-06-13,YER,0.003450,293.2500,155000.0000,155000.00,YER
A_YER_rate_doc_mismatch,2-مبيع:20036,2022-06-13,YER,0.003450,217.3500,138000.0000,138000.00,YER
A_YER_rate_doc_mismatch,2-مبيع:20045,2022-06-13,YER,0.003450,510.6000,268000.0000,268000.00,YER
A_YER_rate_doc_mismatch,2-مبيع:20099,2022-06-15,YER,0.003230,96.9000,45000.0000,45000.00,YER
A_YER_rate_doc_mismatch,2-مبيع:20131,2022-06-16,YER,0.003230,58.1400,23000.0000,23000.00,YER
A_YER_rate_doc_mismatch,2-مبيع:2014,2020-06-28,YER,0.005000,545.0000,113000.0000,113000.00,YER
A_YER_rate_doc_mismatch,2-مبيع:20175,2022-06-18,YER,0.003230,306.8500,155000.0000,155000.00,YER
A_YER_rate_doc_mismatch,2-مبيع:20344,2022-06-22,YER,0.003230,347.2200,197500.0000,197500.00,YER
A_YER_rate_doc_mismatch,2-مبيع:20384,2022-06-22,YER,0.003230,155.0400,73000.0000,73000.00,YER
A_YER_rate_doc_mismatch,2-مبيع:20427,2022-06-24,YER,0.003230,54.9100,27000.0000,27000.00,YER
A_YER_rate_doc_mismatch,2-مبيع:2045,2020-06-29,YER,0.005000,90.0000,21000.0000,21000.00,YER
A_YER_rate_doc_mismatch,2-مبيع:20521,2022-06-26,YER,0.003230,54.9100,27000.0000,27000.00,YER
A_YER_rate_doc_mismatch,2-مبيع:20524,2022-06-26,YER,0.003230,174.4200,104000.0000,104000.00,YER
A_YER_rate_doc_mismatch,2-مبيع:20531,2022-06-26,YER,0.003230,129.2000,70000.0000,70000.00,YER
A_YER_rate_doc_mismatch,2-مبيع:20557,2022-06-27,YER,0.003230,284.2400,170000.0000,170000.00,YER
A_YER_rate_doc_mismatch,2-مبيع:2059,2020-06-30,YER,0.005000,700.0000,145000.0000,145000.00,YER
A_YER_rate_doc_mismatch,2-مبيع:20701,2022-07-03,YER,0.003230,200.2600,132000.0000,132000.00,YER
A_YER_rate_doc_mismatch,2-مبيع:2073,2020-06-30,YER,0.005000,115.0000,36000.0000,36000.00,YER
A_YER_rate_doc_mismatch,2-مبيع:20731,2022-07-03,YER,0.003230,48.4500,20000.0000,20000.00,YER
A_YER_rate_doc_mismatch,2-مبيع:2082,2020-07-01,YER,0.005000,190.0000,43000.0000,43000.00,YER
A_YER_rate_doc_mismatch,2-مبيع:20822,2022-07-06,YER,0.003230,80.7500,45000.0000,45000.00,YER
A_YER_rate_doc_mismatch,2-مبيع:20829,2022-07-06,YER,0.003230,67.8300,31000.0000,31000.00,YER
A_YER_rate_doc_mismatch,2-مبيع:20862,2022-07-07,YER,0.003230,45.2200,25000.0000,25000.00,YER
A_YER_rate_doc_mismatch,2-مبيع:20864,2022-07-07,YER,0.003230,484.5000,280000.0000,280000.00,YER
A_YER_rate_doc_mismatch,2-مبيع:20871,2022-07-07,YER,0.003230,38.7600,20000.0000,20000.00,YER
A_YER_rate_doc_mismatch,2-مبيع:20872,2022-07-07,YER,0.003230,22.6100,11000.0000,11000.00,YER
A_YER_rate_doc_mismatch,2-مبيع:20883,2025-01-01,YER,0.001900,57.0000,41000.0000,41000.00,YER
A_YER_rate_doc_mismatch,2-مبيع:2096,2020-07-01,YER,0.005000,50.0000,13000.0000,13000.00,YER
A_YER_rate_doc_mismatch,2-مبيع:20978,2022-07-14,YER,0.003230,82.3600,28500.0000,28500.00,YER
A_YER_rate_doc_mismatch,2-مبيع:2098,2020-07-01,YER,0.005000,275.0000,95000.0000,95000.00,YER
A_YER_rate_doc_mismatch,2-مبيع:21010,2022-07-16,YER,0.003230,406.9800,159000.0000,159000.00,YER
A_YER_rate_doc_mismatch,2-مبيع:21023,2022-07-16,YER,0.003230,48.4500,25000.0000,25000.00,YER
A_YER_rate_doc_mismatch,2-مبيع:21110,2022-07-19,YER,0.003230,96.9000,50000.0000,50000.00,YER
A_YER_rate_doc_mismatch,2-مبيع:2112,2020-07-02,YER,0.005000,40.0000,12000.0000,12000.00,YER
A_YER_rate_doc_mismatch,2-مبيع:2116,2020-07-02,YER,0.005000,140.0000,46000.0000,46000.00,YER
A_YER_rate_doc_mismatch,2-مبيع:21208,2022-07-24,YER,0.003230,113.0500,55000.0000,55000.00,YER
A_YER_rate_doc_mismatch,2-مبيع:2126,2020-07-02,YER,0.005000,190.0000,66000.0000,66000.00,YER
A_YER_rate_doc_mismatch,2-مبيع:21275,2022-07-26,YER,0.003230,789.7300,364500.0000,364500.00,YER
A_YER_rate_doc_mismatch,2-مبيع:2129,2020-07-02,YER,0.005000,280.0000,72000.0000,72000.00,YER
A_YER_rate_doc_mismatch,2-مبيع:21301,2022-07-26,YER,0.003230,113.0500,66000.0000,66000.00,YER
A_YER_rate_doc_mismatch,2-مبيع:21343,2022-07-28,YER,0.003230,224.4900,113000.0000,113000.00,YER
A_YER_rate_doc_mismatch,2-مبيع:2135,2020-07-02,YER,0.005000,90.0000,28000.0000,28000.00,YER
A_YER_rate_doc_mismatch,2-مبيع:21375,2022-07-28,YER,0.003230,38.7600,19000.0000,19000.00,YER
A_YER_rate_doc_mismatch,2-مبيع:2138,2020-07-02,YER,0.005000,165.0000,55000.0000,55000.00,YER
A_YER_rate_doc_mismatch,2-مبيع:21386,2022-07-28,YER,0.003230,109.8200,35500.0000,35500.00,YER
A_YER_rate_doc_mismatch,2-مبيع:21392,2022-07-29,YER,0.003230,129.2000,60000.0000,60000.00,YER
A_YER_rate_doc_mismatch,2-مبيع:21421,2022-07-30,YER,0.003230,77.5200,41000.0000,41000.00,YER
A_YER_rate_doc_mismatch,2-مبيع:21460,2022-07-31,YER,0.003230,71.0600,34000.0000,34000.00,YER
A_YER_rate_doc_mismatch,2-مبيع:21465,2022-07-31,YER,0.003230,58.1400,30000.0000,30000.00,YER
A_YER_rate_doc_mismatch,2-مبيع:2148,2020-07-04,YER,0.005000,785.0000,164000.0000,164000.00,YER
A_YER_rate_doc_mismatch,2-مبيع:21546,2022-08-03,YER,0.003230,129.2000,55000.0000,55000.00,YER
A_YER_rate_doc_mismatch,2-مبيع:21550,2022-08-03,YER,0.003230,122.7400,82000.0000,82000.00,YER
A_YER_rate_doc_mismatch,2-مبيع:21556,2022-08-03,YER,0.003230,45.2200,21000.0000,21000.00,YER
A_YER_rate_doc_mismatch,2-مبيع:21572,2022-08-03,YER,0.003230,158.2700,88000.0000,88000.00,YER
A_YER_rate_doc_mismatch,2-مبيع:21600,2022-08-04,YER,0.003230,71.0600,37000.0000,37000.00,YER
A_YER_rate_doc_mismatch,2-مبيع:21655,2022-08-06,YER,0.003230,155.0400,71000.0000,71000.00,YER
A_YER_rate_doc_mismatch,2-مبيع:21673,2022-08-07,YER,0.003230,155.0400,83000.0000,83000.00,YER
A_YER_rate_doc_mismatch,2-مبيع:2168,2020-07-04,YER,0.005000,125.0000,55000.0000,55000.00,YER
A_YER_rate_doc_mismatch,2-مبيع:21697,2022-08-08,YER,0.003230,82.3600,55500.0000,55500.00,YER
A_YER_rate_doc_mismatch,2-مبيع:21702,2022-08-08,YER,0.003230,32.3000,17500.0000,17500.00,YER
A_YER_rate_doc_mismatch,2-مبيع:2172,2020-07-05,YER,0.005000,265.0000,93000.0000,93000.00,YER
A_YER_rate_doc_mismatch,2-مبيع:21747,2022-08-09,YER,0.003230,355.3000,236000.0000,236000.00,YER
A_YER_rate_doc_mismatch,2-مبيع:21841,2022-08-13,YER,0.003230,374.6800,196000.0000,196000.00,YER
A_YER_rate_doc_mismatch,2-مبيع:21844,2022-08-13,YER,0.003230,27.4500,12500.0000,12500.00,YER
A_YER_rate_doc_mismatch,2-مبيع:21883,2022-08-14,YER,0.003230,129.2000,70000.0000,70000.00,YER
A_YER_rate_doc_mismatch,2-مبيع:21884,2022-08-14,YER,0.003230,132.4300,54000.0000,54000.00,YER
A_YER_rate_doc_mismatch,2-مبيع:21962,2022-08-16,YER,0.003230,77.5200,224000.0000,224000.00,YER
A_YER_rate_doc_mismatch,2-مبيع:22025,2022-08-18,YER,0.003230,226.1000,120000.0000,120000.00,YER
A_YER_rate_doc_mismatch,2-مبيع:22027,2022-08-19,YER,0.003230,113.0500,65000.0000,65000.00,YER
A_YER_rate_doc_mismatch,2-مبيع:22053,2022-08-20,YER,0.003230,1323.8200,759850.0000,759850.00,YER
A_YER_rate_doc_mismatch,2-مبيع:2206,2020-07-06,YER,0.005000,75.0000,23000.0000,23000.00,YER
A_YER_rate_doc_mismatch,2-مبيع:2208,2020-07-07,YER,0.005000,100.0000,30000.0000,30000.00,YER
A_YER_rate_doc_mismatch,2-مبيع:22083,2022-08-20,YER,0.003230,174.4200,84000.0000,84000.00,YER
A_YER_rate_doc_mismatch,2-مبيع:22122,2022-08-22,YER,0.003230,38.7600,15000.0000,15000.00,YER
A_YER_rate_doc_mismatch,2-مبيع:22150,2022-08-22,YER,0.003230,190.5700,107500.0000,107500.00,YER
A_YER_rate_doc_mismatch,2-مبيع:22153,2022-08-22,YER,0.003230,193.8000,90000.0000,90000.00,YER
A_YER_rate_doc_mismatch,2-مبيع:22170,2022-08-23,YER,0.003230,574.9400,228000.0000,228000.00,YER
A_YER_rate_doc_mismatch,2-مبيع:22203,2022-08-24,YER,0.003230,64.6000,29000.0000,29000.00,YER
A_YER_rate_doc_mismatch,2-مبيع:22244,2022-08-25,YER,0.003230,151.8100,77000.0000,77000.00,YER
A_YER_rate_doc_mismatch,2-مبيع:22245,2022-08-25,YER,0.003230,96.9000,55000.0000,55000.00,YER
A_YER_rate_doc_mismatch,2-مبيع:22250,2022-08-25,YER,0.003230,12.9200,19000.0000,19000.00,YER
A_YER_rate_doc_mismatch,2-مبيع:22287,2022-08-27,YER,0.003230,71.0600,49000.0000,49000.00,YER
A_YER_rate_doc_mismatch,2-مبيع:22310,2022-08-27,YER,0.003230,242.2500,135000.0000,135000.00,YER
A_YER_rate_doc_mismatch,2-مبيع:22392,2022-08-30,YER,0.003230,285.8600,158500.0000,158500.00,YER
A_YER_rate_doc_mismatch,2-مبيع:22426,2022-08-30,YER,0.003230,285.8500,138500.0000,138500.00,YER
A_YER_rate_doc_mismatch,2-مبيع:22445,2022-08-31,YER,0.003230,113.0500,44000.0000,44000.00,YER
A_YER_rate_doc_mismatch,2-مبيع:22488,2022-09-01,YER,0.003230,87.2100,47000.0000,47000.00,YER
A_YER_rate_doc_mismatch,2-مبيع:22521,2022-09-01,YER,0.003230,64.6000,27500.0000,27500.00,YER
A_YER_rate_doc_mismatch,2-مبيع:22528,2022-09-02,YER,0.003230,122.7400,68000.0000,68000.00,YER
A_YER_rate_doc_mismatch,2-مبيع:22584,2025-01-01,YER,0.001900,66.5000,55000.0000,55000.00,YER
A_YER_rate_doc_mismatch,2-مبيع:22666,2022-09-07,YER,0.003230,209.9500,95000.0000,95000.00,YER
A_YER_rate_doc_mismatch,2-مبيع:2268,2020-07-09,YER,0.005000,349.5000,75900.0000,75900.00,YER
A_YER_rate_doc_mismatch,2-مبيع:22683,2022-09-07,YER,0.003230,155.0400,87000.0000,87000.00,YER
A_YER_rate_doc_mismatch,2-مبيع:2273,2020-07-09,YER,0.005000,65.0000,23000.0000,23000.00,YER
A_YER_rate_doc_mismatch,2-مبيع:22751,2022-09-10,YER,0.003230,132.4300,63000.0000,63000.00,YER
A_YER_rate_doc_mismatch,2-مبيع:22761,2022-09-10,YER,0.003230,187.3400,66000.0000,66000.00,YER
A_YER_rate_doc_mismatch,2-مبيع:22771,2022-09-10,YER,0.003230,600.7800,256000.0000,256000.00,YER
A_YER_rate_doc_mismatch,2-مبيع:2282,2020-07-09,YER,0.005000,25.0000,8000.0000,8000.00,YER
A_YER_rate_doc_mismatch,2-مبيع:22872,2022-09-13,YER,0.003230,24.2200,11500.0000,11500.00,YER
A_YER_rate_doc_mismatch,2-مبيع:22875,2022-09-13,YER,0.003230,1195.1000,720000.0000,720000.00,YER
A_YER_rate_doc_mismatch,2-مبيع:22958,2022-09-17,YER,0.003230,38.7600,19000.0000,19000.00,YER
A_YER_rate_doc_mismatch,2-مبيع:22975,2022-09-17,YER,0.003230,167.9600,97000.0000,97000.00,YER
A_YER_rate_doc_mismatch,2-مبيع:22995,2022-09-18,YER,0.003230,358.5300,211000.0000,211000.00,YER
A_YER_rate_doc_mismatch,2-مبيع:22997,2022-09-18,YER,0.003230,255.1700,110000.0000,110000.00,YER
A_YER_rate_doc_mismatch,2-مبيع:23008,2022-09-18,YER,0.003230,64.6000,30000.0000,30000.00,YER
A_YER_rate_doc_mismatch,2-مبيع:2309,2020-07-11,YER,0.005000,60.0000,14000.0000,14000.00,YER
A_YER_rate_doc_mismatch,2-مبيع:23136,2022-09-23,YER,0.003230,51.6800,26000.0000,26000.00,YER
A_YER_rate_doc_mismatch,2-مبيع:23141,2022-09-24,YER,0.003230,45.2200,24500.0000,24500.00,YER
A_YER_rate_doc_mismatch,2-مبيع:23187,2022-09-25,YER,0.003230,58.1400,31000.0000,31000.00,YER
A_YER_rate_doc_mismatch,2-مبيع:2319,2020-07-11,YER,0.005000,40.0000,14000.0000,14000.00,YER
A_YER_rate_doc_mismatch,2-مبيع:23233,2022-09-27,YER,0.003230,184.1100,98000.0000,98000.00,YER
A_YER_rate_doc_mismatch,2-مبيع:2325,2020-07-11,YER,0.005000,70.0000,24000.0000,24000.00,YER
A_YER_rate_doc_mismatch,2-مبيع:23287,2022-09-28,YER,0.003230,484.5000,195000.0000,195000.00,YER
A_YER_rate_doc_mismatch,2-مبيع:23298,2022-09-28,YER,0.003230,113.0500,55000.0000,55000.00,YER
A_YER_rate_doc_mismatch,2-مبيع:23376,2022-10-01,YER,0.003230,237.4100,103500.0000,103500.00,YER
A_YER_rate_doc_mismatch,2-مبيع:23392,2022-10-01,YER,0.003230,79.1300,36500.0000,36500.00,YER
A_YER_rate_doc_mismatch,2-مبيع:23404,2022-10-02,YER,0.003230,96.9000,51500.0000,51500.00,YER
A_YER_rate_doc_mismatch,2-مبيع:23424,2022-10-02,YER,0.003230,113.0500,55000.0000,55000.00,YER
A_YER_rate_doc_mismatch,2-مبيع:23516,2022-10-05,YER,0.003230,203.4900,141000.0000,141000.00,YER
A_YER_rate_doc_mismatch,2-مبيع:23518,2022-10-05,YER,0.003230,214.7900,129500.0000,129500.00,YER
A_YER_rate_doc_mismatch,2-مبيع:2352,2020-07-12,YER,0.005000,160.0000,34000.0000,34000.00,YER
A_YER_rate_doc_mismatch,2-مبيع:23551,2022-10-05,YER,0.003230,32.3000,14500.0000,14500.00,YER
A_YER_rate_doc_mismatch,2-مبيع:2362,2020-07-13,YER,0.005000,80.0000,26000.0000,26000.00,YER
A_YER_rate_doc_mismatch,2-مبيع:23689,2022-10-10,YER,0.003230,652.4600,317000.0000,317000.00,YER
A_YER_rate_doc_mismatch,2-مبيع:23697,2022-10-10,YER,0.003230,203.4900,116000.0000,116000.00,YER
A_YER_rate_doc_mismatch,2-مبيع:23714,2022-10-10,YER,0.003230,109.8200,48000.0000,48000.00,YER
A_YER_rate_doc_mismatch,2-مبيع:23796,2022-10-12,YER,0.003230,87.2100,46000.0000,46000.00,YER
A_YER_rate_doc_mismatch,2-مبيع:23860,2022-10-15,YER,0.003230,355.3000,205000.0000,205000.00,YER
A_YER_rate_doc_mismatch,2-مبيع:23867,2022-10-15,YER,0.003230,45.2200,21000.0000,21000.00,YER
A_YER_rate_doc_mismatch,2-مبيع:2387,2020-07-13,YER,0.005000,225.0000,65000.0000,65000.00,YER
A_YER_rate_doc_mismatch,2-مبيع:23878,2022-10-15,YER,0.003230,969.0000,420000.0000,420000.00,YER
A_YER_rate_doc_mismatch,2-مبيع:23884,2022-10-16,YER,0.003230,226.1000,115000.0000,115000.00,YER
A_YER_rate_doc_mismatch,2-مبيع:23890,2022-10-16,YER,0.003230,109.8200,61000.0000,61000.00,YER
A_YER_rate_doc_mismatch,2-مبيع:23918,2022-10-16,YER,0.003230,9.6900,5000.0000,5000.00,YER
A_YER_rate_doc_mismatch,2-مبيع:23943,2022-10-17,YER,0.003230,145.3500,75000.0000,75000.00,YER
A_YER_rate_doc_mismatch,2-مبيع:23962,2022-10-18,YER,0.003230,419.9000,145000.0000,145000.00,YER
A_YER_rate_doc_mismatch,2-مبيع:23975,2022-10-18,YER,0.003230,45.2200,33500.0000,33500.00,YER
A_YER_rate_doc_mismatch,2-مبيع:24,2020-02-05,YER,0.006670,233.4500,40000.0000,40000.00,YER
A_YER_rate_doc_mismatch,2-مبيع:24009,2022-10-20,YER,0.003230,122.7400,68000.0000,68000.00,YER
A_YER_rate_doc_mismatch,2-مبيع:24012,2022-10-20,YER,0.003230,45.2200,17500.0000,17500.00,YER
A_YER_rate_doc_mismatch,2-مبيع:24031,2022-10-21,YER,0.003230,87.2100,31000.0000,31000.00,YER
A_YER_rate_doc_mismatch,2-مبيع:24049,2022-10-22,YER,0.003230,145.3500,60000.0000,60000.00,YER
A_YER_rate_doc_mismatch,2-مبيع:24087,2022-10-23,YER,0.003230,167.9600,69500.0000,69500.00,YER
A_YER_rate_doc_mismatch,2-مبيع:24103,2022-10-23,YER,0.003230,80.7500,38000.0000,38000.00,YER
A_YER_rate_doc_mismatch,2-مبيع:24124,2022-10-24,YER,0.003230,96.9000,45000.0000,45000.00,YER
A_YER_rate_doc_mismatch,2-مبيع:24138,2022-10-24,YER,0.003230,303.6200,144000.0000,144000.00,YER
A_YER_rate_doc_mismatch,2-مبيع:24207,2022-10-26,YER,0.003230,258.4000,110000.0000,110000.00,YER
A_YER_rate_doc_mismatch,2-مبيع:24219,2022-10-27,YER,0.003230,169.5700,82500.0000,82500.00,YER
A_YER_rate_doc_mismatch,2-مبيع:24295,2022-10-30,YER,0.003230,232.5600,139000.0000,139000.00,YER
A_YER_rate_doc_mismatch,2-مبيع:24307,2022-10-30,YER,0.003230,64.6000,38000.0000,38000.00,YER
A_YER_rate_doc_mismatch,2-مبيع:24349,2022-11-01,YER,0.003230,332.6900,148000.0000,148000.00,YER
A_YER_rate_doc_mismatch,2-مبيع:24356,2022-11-01,YER,0.003230,374.6800,216000.0000,216000.00,YER
A_YER_rate_doc_mismatch,2-مبيع:24368,2022-11-01,YER,0.003230,71.0600,34000.0000,34000.00,YER
A_YER_rate_doc_mismatch,2-مبيع:24406,2022-11-02,YER,0.003230,251.9400,128000.0000,128000.00,YER
A_YER_rate_doc_mismatch,2-مبيع:2441,2020-07-15,YER,0.005000,120.0000,28000.0000,28000.00,YER
A_YER_rate_doc_mismatch,2-مبيع:24413,2022-11-02,YER,0.003230,371.4500,182000.0000,182000.00,YER
A_YER_rate_doc_mismatch,2-مبيع:24434,2022-11-03,YER,0.003230,54.9100,19000.0000,19000.00,YER
A_YER_rate_doc_mismatch,2-مبيع:2445,2020-07-15,YER,0.005000,120.0000,32000.0000,32000.00,YER
A_YER_rate_doc_mismatch,2-مبيع:24456,2022-11-04,YER,0.003230,122.7400,59000.0000,59000.00,YER
A_YER_rate_doc_mismatch,2-مبيع:24465,2022-11-04,YER,0.003230,45.2200,24000.0000,24000.00,YER
A_YER_rate_doc_mismatch,2-مبيع:24468,2022-11-04,YER,0.003230,290.7000,150000.0000,150000.00,YER
A_YER_rate_doc_mismatch,2-مبيع:24672,2022-11-10,YER,0.003230,119.5100,41000.0000,41000.00,YER
A_YER_rate_doc_mismatch,2-مبيع:24754,2022-11-12,YER,0.004348,304.3600,130000.0000,130000.00,YER
A_YER_rate_doc_mismatch,2-مبيع:24764,2022-11-13,YER,0.003230,129.2000,70000.0000,70000.00,YER
A_YER_rate_doc_mismatch,2-مبيع:24844,2022-11-14,YER,0.003230,74.2900,39000.0000,39000.00,YER
A_YER_rate_doc_mismatch,2-مبيع:2492,2020-07-16,YER,0.005000,430.0000,95500.0000,95500.00,YER
A_YER_rate_doc_mismatch,2-مبيع:24946,2022-11-17,YER,0.003230,274.5500,135000.0000,135000.00,YER
A_YER_rate_doc_mismatch,2-مبيع:24960,2022-11-18,YER,0.003230,361.7600,162000.0000,162000.00,YER
A_YER_rate_doc_mismatch,2-مبيع:2497,2020-07-17,YER,0.005000,600.0000,172000.0000,172000.00,YER
A_YER_rate_doc_mismatch,2-مبيع:24982,2022-11-19,YER,0.003230,145.3500,60000.0000,60000.00,YER
A_YER_rate_doc_mismatch,2-مبيع:24998,2022-11-19,YER,0.003230,355.3000,197000.0000,197000.00,YER
A_YER_rate_doc_mismatch,2-مبيع:25037,2022-11-20,YER,0.003230,377.9100,197000.0000,197000.00,YER
A_YER_rate_doc_mismatch,2-مبيع:25059,2022-11-21,YER,0.003230,1195.1000,596500.0000,596500.00,YER
A_YER_rate_doc_mismatch,2-مبيع:25108,2022-11-22,YER,0.003230,177.6500,73000.0000,73000.00,YER
A_YER_rate_doc_mismatch,2-مبيع:25155,2022-11-24,YER,0.003230,167.9600,98000.0000,98000.00,YER
A_YER_rate_doc_mismatch,2-مبيع:25165,2022-11-25,YER,0.003230,116.2800,56000.0000,56000.00,YER
A_YER_rate_doc_mismatch,2-مبيع:25167,2022-11-25,YER,0.003230,100.1300,51000.0000,51000.00,YER
A_YER_rate_doc_mismatch,2-مبيع:25186,2022-11-26,YER,0.003230,25.8400,13000.0000,13000.00,YER
A_YER_rate_doc_mismatch,2-مبيع:25205,2022-11-26,YER,0.003230,96.9000,49000.0000,49000.00,YER
A_YER_rate_doc_mismatch,2-مبيع:25213,2022-11-26,YER,0.003230,494.1900,203000.0000,203000.00,YER
A_YER_rate_doc_mismatch,2-مبيع:25234,2022-11-27,YER,0.003230,50.0600,22250.0000,22250.00,YER
A_YER_rate_doc_mismatch,2-مبيع:2524,2020-07-18,YER,0.005000,17.5000,6000.0000,6000.00,YER
A_YER_rate_doc_mismatch,2-مبيع:25263,2022-11-28,YER,0.004348,86.9600,30000.0000,30000.00,YER
A_YER_rate_doc_mismatch,2-مبيع:25267,2022-11-28,YER,0.003230,384.3700,249000.0000,249000.00,YER
A_YER_rate_doc_mismatch,2-مبيع:25293,2022-11-29,YER,0.003230,452.2000,258000.0000,258000.00,YER
A_YER_rate_doc_mismatch,2-مبيع:25352,2022-12-01,YER,0.003230,90.4400,41000.0000,41000.00,YER
A_YER_rate_doc_mismatch,2-مبيع:25356,2022-12-01,YER,0.003230,206.7200,114000.0000,114000.00,YER
A_YER_rate_doc_mismatch,2-مبيع:25362,2022-12-01,YER,0.003230,96.9000,68000.0000,68000.00,YER
A_YER_rate_doc_mismatch,2-مبيع:25370,2022-12-02,YER,0.003230,180.8800,86000.0000,86000.00,YER
A_YER_rate_doc_mismatch,2-مبيع:25407,2022-12-03,YER,0.003230,193.8000,90000.0000,90000.00,YER
A_YER_rate_doc_mismatch,2-مبيع:25411,2022-12-03,YER,0.003230,48.4500,20000.0000,20000.00,YER
A_YER_rate_doc_mismatch,2-مبيع:25431,2022-12-03,YER,0.003230,96.9000,48000.0000,48000.00,YER
A_YER_rate_doc_mismatch,2-مبيع:25455,2022-12-04,YER,0.003230,113.0500,57000.0000,57000.00,YER
A_YER_rate_doc_mismatch,2-مبيع:25489,2022-12-05,YER,0.004348,260.8800,90000.0000,90000.00,YER
A_YER_rate_doc_mismatch,2-مبيع:25497,2022-12-06,YER,0.003230,96.9000,50000.0000,50000.00,YER
A_YER_rate_doc_mismatch,2-مبيع:2550,2020-07-19,YER,0.005000,360.0000,102000.0000,102000.00,YER
A_YER_rate_doc_mismatch,2-مبيع:25507,2022-12-06,YER,0.003230,226.1000,100000.0000,100000.00,YER
A_YER_rate_doc_mismatch,2-مبيع:25514,2022-12-06,YER,0.003230,452.2000,190000.0000,190000.00,YER
A_YER_rate_doc_mismatch,2-مبيع:2552,2020-07-19,YER,0.005000,270.0000,66000.0000,66000.00,YER
A_YER_rate_doc_mismatch,2-مبيع:25559,2022-12-08,YER,0.003230,38.7600,21000.0000,21000.00,YER
A_YER_rate_doc_mismatch,2-مبيع:25619,2022-12-11,YER,0.003230,306.8500,185000.0000,185000.00,YER
A_YER_rate_doc_mismatch,2-مبيع:25651,2022-12-12,YER,0.003230,478.0400,248000.0000,248000.00,YER
A_YER_rate_doc_mismatch,2-مبيع:25699,2022-12-14,YER,0.003230,500.9700,255100.0000,255100.00,YER
A_YER_rate_doc_mismatch,2-مبيع:25722,2022-12-15,YER,0.003230,461.8900,243000.0000,243000.00,YER
A_YER_rate_doc_mismatch,2-مبيع:2573,2020-07-20,YER,0.005000,75.0000,27000.0000,27000.00,YER
A_YER_rate_doc_mismatch,2-مبيع:25746,2022-12-16,YER,0.003230,164.7300,59500.0000,59500.00,YER
A_YER_rate_doc_mismatch,2-مبيع:25762,2022-12-16,YER,0.003230,323.0000,150000.0000,150000.00,YER
A_YER_rate_doc_mismatch,2-مبيع:25765,2022-12-16,YER,0.003230,517.7700,310300.0000,310300.00,YER
A_YER_rate_doc_mismatch,2-مبيع:25768,2022-12-16,YER,0.003230,613.7000,290000.0000,290000.00,YER
A_YER_rate_doc_mismatch,2-مبيع:25779,2022-12-17,YER,0.003230,127.5900,49500.0000,49500.00,YER
A_YER_rate_doc_mismatch,2-مبيع:25789,2022-12-17,YER,0.003230,232.5600,112000.0000,112000.00,YER
A_YER_rate_doc_mismatch,2-مبيع:25802,2022-12-18,YER,0.003230,87.2100,44000.0000,44000.00,YER
A_YER_rate_doc_mismatch,2-مبيع:25825,2022-12-19,YER,0.003230,38.7600,16000.0000,16000.00,YER
A_YER_rate_doc_mismatch,2-مبيع:25837,2022-12-19,YER,0.003230,242.2500,135000.0000,135000.00,YER
A_YER_rate_doc_mismatch,2-مبيع:2585,2020-07-21,YER,0.005000,1037.5000,217000.0000,217000.00,YER
A_YER_rate_doc_mismatch,2-مبيع:25873,2022-12-21,YER,0.003230,12.9200,5000.0000,5000.00,YER
A_YER_rate_doc_mismatch,2-مبيع:25879,2025-01-01,YER,0.001900,148.2000,143000.0000,143000.00,YER
A_YER_rate_doc_mismatch,2-مبيع:25901,2022-12-21,YER,0.003230,32.3000,15000.0000,15000.00,YER
A_YER_rate_doc_mismatch,2-مبيع:26003,2022-12-23,YER,0.003230,167.9600,94000.0000,94000.00,YER
A_YER_rate_doc_mismatch,2-مبيع:26005,2022-12-23,YER,0.003230,35.5300,19000.0000,19000.00,YER
A_YER_rate_doc_mismatch,2-مبيع:26026,2022-12-23,YER,0.003230,90.4400,48000.0000,48000.00,YER
A_YER_rate_doc_mismatch,2-مبيع:26077,2022-12-28,YER,0.003230,19.3800,10000.0000,10000.00,YER
A_YER_rate_doc_mismatch,2-مبيع:26080,2022-12-28,YER,0.003230,161.5000,90000.0000,90000.00,YER
A_YER_rate_doc_mismatch,2-مبيع:2611,2020-07-21,YER,0.005000,240.0000,68000.0000,68000.00,YER
A_YER_rate_doc_mismatch,2-مبيع:26134,2022-12-29,YER,0.003230,132.4300,66000.0000,66000.00,YER
A_YER_rate_doc_mismatch,2-مبيع:26138,2022-12-29,YER,0.003230,77.5200,34000.0000,34000.00,YER
A_YER_rate_doc_mismatch,2-مبيع:2615,2020-07-22,YER,0.005000,200.0000,45000.0000,45000.00,YER
A_YER_rate_doc_mismatch,2-مبيع:2617,2020-07-22,YER,0.005000,270.0000,104000.0000,104000.00,YER
A_YER_rate_doc_mismatch,2-مبيع:26197,2021-01-30,YER,0.004348,260.8800,85000.0000,85000.00,YER
A_YER_rate_doc_mismatch,2-مبيع:26211,2023-01-01,YER,0.003130,150.2400,82500.0000,82500.00,YER
A_YER_rate_doc_mismatch,2-مبيع:26234,2023-01-01,YER,0.003130,751.2000,390000.0000,390000.00,YER
A_YER_rate_doc_mismatch,2-مبيع:26237,2023-01-02,YER,0.003130,266.0500,130000.0000,130000.00,YER
A_YER_rate_doc_mismatch,2-مبيع:26245,2023-01-02,YER,0.003130,125.2000,75000.0000,75000.00,YER
A_YER_rate_doc_mismatch,2-مبيع:26254,2023-01-02,YER,0.003130,203.4500,125000.0000,125000.00,YER
A_YER_rate_doc_mismatch,2-مبيع:26335,2025-01-01,YER,0.001900,47.5000,38500.0000,38500.00,YER
A_YER_rate_doc_mismatch,2-مبيع:26418,2023-01-07,YER,0.002940,590.9400,301000.0000,301000.00,YER
A_YER_rate_doc_mismatch,2-مبيع:2642,2020-07-23,YER,0.005000,225.0000,85000.0000,85000.00,YER
A_YER_rate_doc_mismatch,2-مبيع:26475,2023-01-09,YER,0.002940,89.6700,50500.0000,50500.00,YER
A_YER_rate_doc_mismatch,2-مبيع:2648,2020-07-23,YER,0.005000,82.5000,27000.0000,27000.00,YER
A_YER_rate_doc_mismatch,2-مبيع:26486,2023-01-09,YER,0.002940,199.9200,127500.0000,127500.00,YER
A_YER_rate_doc_mismatch,2-مبيع:2649,2020-07-23,YER,0.005000,275.0000,60000.0000,60000.00,YER
A_YER_rate_doc_mismatch,2-مبيع:2651,2020-07-23,YER,0.005000,700.0000,160000.0000,160000.00,YER
A_YER_rate_doc_mismatch,2-مبيع:26511,2023-01-10,YER,0.002940,294.0000,180000.0000,180000.00,YER
A_YER_rate_doc_mismatch,2-مبيع:26521,2023-01-10,YER,0.002940,593.8800,304000.0000,304000.00,YER
A_YER_rate_doc_mismatch,2-مبيع:26533,2023-01-11,YER,0.002940,58.8000,31000.0000,31000.00,YER
A_YER_rate_doc_mismatch,2-مبيع:26559,2023-01-11,YER,0.002940,66.1500,37500.0000,37500.00,YER
A_YER_rate_doc_mismatch,2-مبيع:26566,2023-01-11,YER,0.002940,623.2800,394000.0000,394000.00,YER
A_YER_rate_doc_mismatch,2-مبيع:2658,2020-07-23,YER,0.005000,315.0000,120000.0000,120000.00,YER
A_YER_rate_doc_mismatch,2-مبيع:26585,2023-01-12,YER,0.002940,224.9100,142500.0000,142500.00,YER
A_YER_rate_doc_mismatch,2-مبيع:26589,2023-01-12,YER,0.002940,199.9200,128000.0000,128000.00,YER
A_YER_rate_doc_mismatch,2-مبيع:2666,2020-07-24,YER,0.005000,575.0000,215000.0000,215000.00,YER
A_YER_rate_doc_mismatch,2-مبيع:2671,2020-07-24,YER,0.005000,425.0000,158000.0000,158000.00,YER
A_YER_rate_doc_mismatch,2-مبيع:2672,2020-07-24,YER,0.005000,120.0000,44000.0000,44000.00,YER
A_YER_rate_doc_mismatch,2-مبيع:26741,2023-01-18,YER,0.002940,41.1600,24000.0000,24000.00,YER
A_YER_rate_doc_mismatch,2-مبيع:26768,2023-01-19,YER,0.002940,70.5600,56000.0000,56000.00,YER
A_YER_rate_doc_mismatch,2-مبيع:26780,2023-01-19,YER,0.002940,352.8000,220000.0000,220000.00,YER
A_YER_rate_doc_mismatch,2-مبيع:26810,2023-01-21,YER,0.002940,114.6600,82000.0000,82000.00,YER
A_YER_rate_doc_mismatch,2-مبيع:26813,2023-01-21,YER,0.002940,73.5000,40000.0000,40000.00,YER
A_YER_rate_doc_mismatch,2-مبيع:26842,2023-01-21,YER,0.002940,435.1200,214000.0000,214000.00,YER
A_YER_rate_doc_mismatch,2-مبيع:26884,2023-01-23,YER,0.002940,514.5000,282000.0000,282000.00,YER
A_YER_rate_doc_mismatch,2-مبيع:26899,2023-01-23,YER,0.002940,593.8800,417000.0000,417000.00,YER
A_YER_rate_doc_mismatch,2-مبيع:26910,2023-01-24,YER,0.002940,70.5600,34000.0000,34000.00,YER
A_YER_rate_doc_mismatch,2-مبيع:26916,2023-01-24,YER,0.002940,38.2200,18000.0000,18000.00,YER
A_YER_rate_doc_mismatch,2-مبيع:2693,2020-07-25,YER,0.005000,530.0000,112000.0000,112000.00,YER
A_YER_rate_doc_mismatch,2-مبيع:2694,2020-07-25,YER,0.005000,252.5000,70500.0000,70500.00,YER
A_YER_rate_doc_mismatch,2-مبيع:26956,2023-01-25,YER,0.002940,368.9700,195500.0000,195500.00,YER
A_YER_rate_doc_mismatch,2-مبيع:26958,2023-01-25,YER,0.002940,490.9800,267000.0000,267000.00,YER
A_YER_rate_doc_mismatch,2-مبيع:26964,2023-01-26,YER,0.002940,123.4800,72000.0000,72000.00,YER
A_YER_rate_doc_mismatch,2-مبيع:26977,2023-01-26,YER,0.002940,429.2400,178500.0000,178500.00,YER
A_YER_rate_doc_mismatch,2-مبيع:26983,2023-01-26,YER,0.002940,73.5000,44000.0000,44000.00,YER
A_YER_rate_doc_mismatch,2-مبيع:26990,2023-01-27,YER,0.002940,546.8400,246000.0000,246000.00,YER
A_YER_rate_doc_mismatch,2-مبيع:2702,2020-07-25,YER,0.005000,135.0000,47000.0000,47000.00,YER
A_YER_rate_doc_mismatch,2-مبيع:27024,2023-01-28,YER,0.002940,499.8000,320000.0000,320000.00,YER
A_YER_rate_doc_mismatch,2-مبيع:27035,2023-01-28,YER,0.002940,188.1600,104000.0000,104000.00,YER
A_YER_rate_doc_mismatch,2-مبيع:27073,2023-01-29,YER,0.002940,64.6800,38000.0000,38000.00,YER
A_YER_rate_doc_mismatch,2-مبيع:27102,2023-01-30,YER,0.002940,86.7300,30500.0000,30500.00,YER
A_YER_rate_doc_mismatch,2-مبيع:27124,2023-01-31,YER,0.002940,58.8000,23500.0000,23500.00,YER
A_YER_rate_doc_mismatch,2-مبيع:2720,2020-07-26,YER,0.005000,235.0000,67000.0000,67000.00,YER
A_YER_rate_doc_mismatch,2-مبيع:27202,2023-02-02,YER,0.002940,44.1000,24000.0000,24000.00,YER
A_YER_rate_doc_mismatch,2-مبيع:27250,2023-02-04,YER,0.002940,147.0000,200000.0000,200000.00,YER
A_YER_rate_doc_mismatch,2-مبيع:2726,2020-07-27,YER,0.005000,335.0000,80000.0000,80000.00,YER
A_YER_rate_doc_mismatch,2-مبيع:27264,2023-02-05,YER,0.002940,220.5000,133000.0000,133000.00,YER
A_YER_rate_doc_mismatch,2-مبيع:27268,2023-02-05,YER,0.002940,23.5200,18000.0000,18000.00,YER
A_YER_rate_doc_mismatch,2-مبيع:27282,2023-02-06,YER,0.002940,58.8000,30000.0000,30000.00,YER
A_YER_rate_doc_mismatch,2-مبيع:27308,2023-02-06,YER,0.002940,97.0200,61000.0000,61000.00,YER
A_YER_rate_doc_mismatch,2-مبيع:27309,2023-02-06,YER,0.002940,117.6000,60000.0000,60000.00,YER
A_YER_rate_doc_mismatch,2-مبيع:27316,2023-02-06,YER,0.002940,352.8000,220000.0000,220000.00,YER
A_YER_rate_doc_mismatch,2-مبيع:27332,2023-02-07,YER,0.002940,235.2000,130000.0000,130000.00,YER
A_YER_rate_doc_mismatch,2-مبيع:27363,2023-02-08,YER,0.002940,870.2400,461000.0000,461000.00,YER
A_YER_rate_doc_mismatch,2-مبيع:27370,2023-02-08,YER,0.002940,214.6200,123000.0000,123000.00,YER
A_YER_rate_doc_mismatch,2-مبيع:27376,2023-02-08,YER,0.002940,70.5600,57000.0000,57000.00,YER
A_YER_rate_doc_mismatch,2-مبيع:27445,2023-02-10,YER,0.002940,52.9200,28000.0000,28000.00,YER
A_YER_rate_doc_mismatch,2-مبيع:2745,2020-07-29,YER,0.005000,65.0000,14000.0000,14000.00,YER
A_YER_rate_doc_mismatch,2-مبيع:27486,2023-02-12,YER,0.002940,114.6600,68000.0000,68000.00,YER
A_YER_rate_doc_mismatch,2-مبيع:27491,2023-02-12,YER,0.002940,323.4000,170000.0000,170000.00,YER
A_YER_rate_doc_mismatch,2-مبيع:27503,2023-02-12,YER,0.002940,147.0000,90000.0000,90000.00,YER
A_YER_rate_doc_mismatch,2-مبيع:2758,2020-07-29,YER,0.005000,610.0000,172000.0000,172000.00,YER
A_YER_rate_doc_mismatch,2-مبيع:27581,2023-02-15,YER,0.002940,124.9500,67500.0000,67500.00,YER
A_YER_rate_doc_mismatch,2-مبيع:27621,2023-02-16,YER,0.002940,173.4600,85000.0000,85000.00,YER
A_YER_rate_doc_mismatch,2-مبيع:27630,2023-02-16,YER,0.002940,132.3000,75000.0000,75000.00,YER
A_YER_rate_doc_mismatch,2-مبيع:27662,2023-02-17,YER,0.002940,29.4000,43300.0000,43300.00,YER
A_YER_rate_doc_mismatch,2-مبيع:27663,2023-02-17,YER,0.002940,170.5200,76000.0000,76000.00,YER
A_YER_rate_doc_mismatch,2-مبيع:27664,2023-02-17,YER,0.002940,147.0000,85000.0000,85000.00,YER
A_YER_rate_doc_mismatch,2-مبيع:27704,2023-02-18,YER,0.002940,160.8200,94700.0000,94700.00,YER
A_YER_rate_doc_mismatch,2-مبيع:2771,2020-07-30,YER,0.005000,60.0000,16000.0000,16000.00,YER
A_YER_rate_doc_mismatch,2-مبيع:2773,2020-07-31,YER,0.005000,220.0000,46000.0000,46000.00,YER
A_YER_rate_doc_mismatch,2-مبيع:27732,2023-02-20,YER,0.002940,117.6000,58000.0000,58000.00,YER
A_YER_rate_doc_mismatch,2-مبيع:27792,2023-02-21,YER,0.002940,11.7600,6000.0000,6000.00,YER
A_YER_rate_doc_mismatch,2-مبيع:2782,2020-08-03,YER,0.005000,150.0000,55000.0000,55000.00,YER
A_YER_rate_doc_mismatch,2-مبيع:27822,2023-02-22,YER,0.002940,44.1000,25000.0000,25000.00,YER
A_YER_rate_doc_mismatch,2-مبيع:27852,2023-02-23,YER,0.002940,88.2000,40000.0000,40000.00,YER
A_YER_rate_doc_mismatch,2-مبيع:2788,2020-08-03,YER,0.005000,125.0000,40000.0000,40000.00,YER
A_YER_rate_doc_mismatch,2-مبيع:27935,2023-02-25,YER,0.002940,517.4400,336000.0000,336000.00,YER
A_YER_rate_doc_mismatch,2-مبيع:27946,2023-02-25,YER,0.002940,539.4900,283500.0000,283500.00,YER
A_YER_rate_doc_mismatch,2-مبيع:28044,2023-02-28,YER,0.002940,520.3800,324000.0000,324000.00,YER
A_YER_rate_doc_mismatch,2-مبيع:281,2020-03-04,YER,0.005710,133.0400,28300.0000,28300.00,YER
A_YER_rate_doc_mismatch,2-مبيع:2810,2020-08-06,YER,0.005000,5.0000,9000.0000,9000.00,YER
A_YER_rate_doc_mismatch,2-مبيع:2812,2020-08-06,YER,0.005000,75.0000,27000.0000,27000.00,YER
A_YER_rate_doc_mismatch,2-مبيع:28157,2023-03-03,YER,0.002940,220.5000,135000.0000,135000.00,YER
A_YER_rate_doc_mismatch,2-مبيع:28191,2023-03-04,YER,0.002940,48.5100,26500.0000,26500.00,YER
A_YER_rate_doc_mismatch,2-مبيع:2821,2020-08-08,YER,0.005000,95.0000,23000.0000,23000.00,YER
A_YER_rate_doc_mismatch,2-مبيع:28237,2023-03-05,YER,0.002940,490.9800,217000.0000,217000.00,YER
A_YER_rate_doc_mismatch,2-مبيع:28249,2023-03-05,YER,0.002940,173.4600,110000.0000,110000.00,YER
A_YER_rate_doc_mismatch,2-مبيع:28254,2023-03-06,YER,0.002940,97.0200,53000.0000,53000.00,YER
A_YER_rate_doc_mismatch,2-مبيع:28322,2023-03-07,YER,0.002940,88.2000,50000.0000,50000.00,YER
A_YER_rate_doc_mismatch,2-مبيع:28329,2023-03-07,YER,0.002940,58.8000,35000.0000,35000.00,YER
A_YER_rate_doc_mismatch,2-مبيع:28359,2023-03-08,YER,0.002940,214.6200,129000.0000,129000.00,YER
A_YER_rate_doc_mismatch,2-مبيع:28404,2023-03-10,YER,0.002940,139.6500,67500.0000,67500.00,YER
A_YER_rate_doc_mismatch,2-مبيع:28519,2023-03-14,YER,0.002940,235.2000,180000.0000,180000.00,YER
A_YER_rate_doc_mismatch,2-مبيع:28604,2023-03-18,YER,0.002940,173.4600,139000.0000,139000.00,YER
A_YER_rate_doc_mismatch,2-مبيع:28615,2023-03-19,YER,0.002940,111.7200,76000.0000,76000.00,YER
A_YER_rate_doc_mismatch,2-مبيع:28657,2023-03-20,YER,0.002940,35.2800,45000.0000,45000.00,YER
A_YER_rate_doc_mismatch,2-مبيع:2866,2020-08-13,YER,0.005000,160.0000,35000.0000,35000.00,YER
A_YER_rate_doc_mismatch,2-مبيع:2867,2020-08-13,YER,0.005000,107.5000,31500.0000,31500.00,YER
A_YER_rate_doc_mismatch,2-مبيع:28676,2023-03-20,YER,0.002940,91.1400,61000.0000,61000.00,YER
A_YER_rate_doc_mismatch,2-مبيع:2869,2020-08-13,YER,0.005000,675.0000,260000.0000,260000.00,YER
A_YER_rate_doc_mismatch,2-مبيع:2871,2020-08-13,YER,0.005000,100.0000,32000.0000,32000.00,YER
A_YER_rate_doc_mismatch,2-مبيع:2873,2020-08-13,YER,0.005000,75.0000,25000.0000,25000.00,YER
A_YER_rate_doc_mismatch,2-مبيع:28736,2023-03-22,YER,0.002940,151.4100,81500.0000,81500.00,YER
A_YER_rate_doc_mismatch,2-مبيع:2876,2020-08-14,YER,0.005000,85.0000,25000.0000,25000.00,YER
A_YER_rate_doc_mismatch,2-مبيع:28853,2023-03-26,YER,0.002940,205.8000,110000.0000,110000.00,YER
A_YER_rate_doc_mismatch,2-مبيع:2886,2020-08-16,YER,0.005000,50.0000,15000.0000,15000.00,YER
A_YER_rate_doc_mismatch,2-مبيع:2889,2020-08-16,YER,0.005000,165.0000,53000.0000,53000.00,YER
A_YER_rate_doc_mismatch,2-مبيع:28954,2023-03-30,YER,0.002940,205.8000,180000.0000,180000.00,YER
A_YER_rate_doc_mismatch,2-مبيع:2900,2020-08-17,YER,0.005000,320.0000,114000.0000,114000.00,YER
A_YER_rate_doc_mismatch,2-مبيع:29028,2023-04-01,YER,0.002940,382.2000,200000.0000,200000.00,YER
A_YER_rate_doc_mismatch,2-مبيع:29030,2023-04-01,YER,0.002940,70.5600,54000.0000,54000.00,YER
A_YER_rate_doc_mismatch,2-مبيع:29038,2023-04-02,YER,0.002940,73.5000,28000.0000,28000.00,YER
A_YER_rate_doc_mismatch,2-مبيع:2907,2020-08-18,YER,0.005000,160.0000,52000.0000,52000.00,YER
A_YER_rate_doc_mismatch,2-مبيع:2908,2020-08-18,YER,0.005000,75.0000,25000.0000,25000.00,YER
A_YER_rate_doc_mismatch,2-مبيع:29084,2023-04-03,YER,0.002940,117.6000,60000.0000,60000.00,YER
A_YER_rate_doc_mismatch,2-مبيع:29090,2023-04-03,YER,0.002940,88.2000,48000.0000,48000.00,YER
A_YER_rate_doc_mismatch,2-مبيع:29118,2023-04-04,YER,0.002940,47.0400,26000.0000,26000.00,YER
A_YER_rate_doc_mismatch,2-مبيع:29137,2023-04-05,YER,0.002940,352.8000,220000.0000,220000.00,YER
A_YER_rate_doc_mismatch,2-مبيع:29140,2023-04-05,YER,0.002940,235.2000,140000.0000,140000.00,YER
A_YER_rate_doc_mismatch,2-مبيع:29201,2023-04-07,YER,0.002940,147.0000,90000.0000,90000.00,YER
A_YER_rate_doc_mismatch,2-مبيع:29232,2023-04-08,YER,0.002940,147.0000,69000.0000,69000.00,YER
A_YER_rate_doc_mismatch,2-مبيع:29253,2023-04-08,YER,0.002940,57.3300,59500.0000,59500.00,YER
A_YER_rate_doc_mismatch,2-مبيع:29254,2023-04-08,YER,0.002940,411.6000,270000.0000,270000.00,YER
A_YER_rate_doc_mismatch,2-مبيع:29255,2023-04-08,YER,0.002940,58.8000,30000.0000,30000.00,YER
A_YER_rate_doc_mismatch,2-مبيع:29277,2023-04-09,YER,0.002940,199.9200,98000.0000,98000.00,YER
A_YER_rate_doc_mismatch,2-مبيع:29293,2023-04-10,YER,0.002940,108.7800,62000.0000,62000.00,YER
A_YER_rate_doc_mismatch,2-مبيع:29295,2023-04-10,YER,0.002940,52.9200,33000.0000,33000.00,YER
A_YER_rate_doc_mismatch,2-مبيع:29305,2023-04-10,YER,0.002940,99.9600,97000.0000,97000.00,YER
A_YER_rate_doc_mismatch,2-مبيع:29342,2023-04-11,YER,0.002940,441.0000,279000.0000,279000.00,YER
A_YER_rate_doc_mismatch,2-مبيع:2939,2020-08-21,YER,0.005000,60.0000,20000.0000,20000.00,YER
A_YER_rate_doc_mismatch,2-مبيع:29404,2023-04-14,YER,0.002940,249.9000,245000.0000,245000.00,YER
A_YER_rate_doc_mismatch,2-مبيع:29412,2023-04-14,YER,0.002940,70.5600,44000.0000,44000.00,YER
A_YER_rate_doc_mismatch,2-مبيع:29423,2023-04-14,YER,0.002940,64.6800,37000.0000,37000.00,YER
A_YER_rate_doc_mismatch,2-مبيع:2943,2020-08-21,YER,0.005000,160.0000,52000.0000,52000.00,YER
A_YER_rate_doc_mismatch,2-مبيع:29450,2023-04-15,YER,0.002940,52.9200,32000.0000,32000.00,YER
A_YER_rate_doc_mismatch,2-مبيع:29452,2023-04-15,YER,0.002940,47.0400,22000.0000,22000.00,YER
A_YER_rate_doc_mismatch,2-مبيع:2948,2020-08-22,YER,0.005000,190.0000,56000.0000,56000.00,YER
A_YER_rate_doc_mismatch,2-مبيع:29526,2023-04-17,YER,0.002940,102.9000,65000.0000,65000.00,YER
A_YER_rate_doc_mismatch,2-مبيع:29532,2023-04-17,YER,0.002940,35.2800,19000.0000,19000.00,YER
A_YER_rate_doc_mismatch,2-مبيع:2954,2020-08-23,YER,0.005000,705.0000,226000.0000,226000.00,YER
A_YER_rate_doc_mismatch,2-مبيع:29571,2023-04-18,YER,0.002940,294.0000,133000.0000,133000.00,YER
A_YER_rate_doc_mismatch,2-مبيع:29579,2023-04-19,YER,0.002940,41.1600,23000.0000,23000.00,YER
A_YER_rate_doc_mismatch,2-مبيع:2959,2020-08-23,YER,0.005000,715.0000,150000.0000,150000.00,YER
A_YER_rate_doc_mismatch,2-مبيع:29592,2023-04-19,YER,0.002940,117.6000,60000.0000,60000.00,YER
A_YER_rate_doc_mismatch,2-مبيع:29626,2023-04-20,YER,0.002940,73.5000,50000.0000,50000.00,YER
A_YER_rate_doc_mismatch,2-مبيع:29699,2023-04-26,YER,0.002940,29.4000,14500.0000,14500.00,YER
A_YER_rate_doc_mismatch,2-مبيع:29763,2023-04-29,YER,0.002940,77.9100,60500.0000,60500.00,YER
A_YER_rate_doc_mismatch,2-مبيع:29766,2023-04-29,YER,0.002940,141.1200,63000.0000,63000.00,YER
A_YER_rate_doc_mismatch,2-مبيع:29828,2023-04-30,YER,0.002940,327.8100,199500.0000,199500.00,YER
A_YER_rate_doc_mismatch,2-مبيع:29875,2023-05-01,YER,0.002940,235.2000,135000.0000,135000.00,YER
A_YER_rate_doc_mismatch,2-مبيع:2990,2020-08-27,YER,0.005000,30.0000,9000.0000,9000.00,YER
A_YER_rate_doc_mismatch,2-مبيع:29906,2023-05-02,YER,0.002940,64.6800,55000.0000,55000.00,YER
A_YER_rate_doc_mismatch,2-مبيع:29921,2023-05-02,YER,0.002940,58.8000,31000.0000,31000.00,YER
A_YER_rate_doc_mismatch,2-مبيع:30002,2023-05-04,YER,0.002940,294.0000,150000.0000,150000.00,YER
A_YER_rate_doc_mismatch,2-مبيع:30034,2023-05-06,YER,0.002940,116.1300,54000.0000,54000.00,YER
A_YER_rate_doc_mismatch,2-مبيع:30072,2023-05-07,YER,0.002940,44.1000,20000.0000,20000.00,YER
A_YER_rate_doc_mismatch,2-مبيع:30098,2023-05-07,YER,0.002940,97.0200,43000.0000,43000.00,YER
A_YER_rate_doc_mismatch,2-مبيع:30101,2023-05-07,YER,0.002940,99.9600,44000.0000,44000.00,YER
A_YER_rate_doc_mismatch,2-مبيع:30123,2023-05-08,YER,0.002940,52.9200,26000.0000,26000.00,YER
A_YER_rate_doc_mismatch,2-مبيع:30134,2023-05-08,YER,0.002940,194.0400,129000.0000,129000.00,YER
A_YER_rate_doc_mismatch,2-مبيع:30176,2023-05-09,YER,0.002940,374.8500,207500.0000,207500.00,YER
A_YER_rate_doc_mismatch,2-مبيع:3021,2020-08-30,YER,0.005000,550.0000,210000.0000,210000.00,YER
A_YER_rate_doc_mismatch,2-مبيع:30226,2023-05-10,YER,0.002940,235.2000,152000.0000,152000.00,YER
A_YER_rate_doc_mismatch,2-مبيع:30246,2023-05-11,YER,0.002940,523.3200,338000.0000,338000.00,YER
A_YER_rate_doc_mismatch,2-مبيع:3026,2020-08-31,YER,0.005000,65.0000,21000.0000,21000.00,YER
A_YER_rate_doc_mismatch,2-مبيع:30268,2023-05-11,YER,0.002940,91.1400,53000.0000,53000.00,YER
A_YER_rate_doc_mismatch,2-مبيع:30308,2023-05-13,YER,0.002940,282.2400,155000.0000,155000.00,YER
A_YER_rate_doc_mismatch,2-مبيع:30321,2023-05-14,YER,0.002940,220.5000,135000.0000,135000.00,YER
A_YER_rate_doc_mismatch,2-مبيع:3033,2020-08-31,YER,0.005000,117.5000,26000.0000,26000.00,YER
A_YER_rate_doc_mismatch,2-مبيع:30338,2023-05-14,YER,0.002940,323.4000,210000.0000,210000.00,YER
A_YER_rate_doc_mismatch,2-مبيع:30355,2023-05-14,YER,0.002940,73.5000,45000.0000,45000.00,YER
A_YER_rate_doc_mismatch,2-مبيع:30381,2023-05-15,YER,0.002940,182.2800,106000.0000,106000.00,YER
A_YER_rate_doc_mismatch,2-مبيع:3039,2020-09-01,YER,0.005000,245.0000,52500.0000,52500.00,YER
A_YER_rate_doc_mismatch,2-مبيع:30400,2023-05-15,YER,0.002940,251.3700,95500.0000,95500.00,YER
A_YER_rate_doc_mismatch,2-مبيع:30415,2023-05-16,YER,0.002940,261.6600,134000.0000,134000.00,YER
A_YER_rate_doc_mismatch,2-مبيع:30417,2023-05-16,YER,0.002940,99.9600,59000.0000,59000.00,YER
A_YER_rate_doc_mismatch,2-مبيع:30445,2023-05-17,YER,0.002940,355.7400,151000.0000,151000.00,YER
A_YER_rate_doc_mismatch,2-مبيع:3047,2020-09-02,YER,0.005000,110.0000,40000.0000,40000.00,YER
A_YER_rate_doc_mismatch,2-مبيع:3049,2020-09-02,YER,0.005000,297.5000,115500.0000,115500.00,YER
A_YER_rate_doc_mismatch,2-مبيع:305,2020-03-06,YER,0.005710,302.6300,100000.0000,100000.00,YER
A_YER_rate_doc_mismatch,2-مبيع:30525,2023-05-20,YER,0.002940,67.6200,53000.0000,53000.00,YER
A_YER_rate_doc_mismatch,2-مبيع:30529,2023-05-20,YER,0.002940,49.9800,21000.0000,21000.00,YER
A_YER_rate_doc_mismatch,2-مبيع:30552,2023-05-21,YER,0.002940,44.1000,17500.0000,17500.00,YER
A_YER_rate_doc_mismatch,2-مبيع:30586,2023-05-21,YER,0.002940,117.6000,45000.0000,45000.00,YER
A_YER_rate_doc_mismatch,2-مبيع:30623,2023-05-23,YER,0.002940,117.6000,50000.0000,50000.00,YER
A_YER_rate_doc_mismatch,2-مبيع:30682,2023-05-25,YER,0.002940,517.4400,246000.0000,246000.00,YER
A_YER_rate_doc_mismatch,2-مبيع:30697,2023-05-25,YER,0.002940,108.7800,67000.0000,67000.00,YER
A_YER_rate_doc_mismatch,2-مبيع:3070,2020-09-04,YER,0.005000,692.5000,243500.0000,243500.00,YER
A_YER_rate_doc_mismatch,2-مبيع:30754,2023-05-27,YER,0.002940,88.2000,45000.0000,45000.00,YER
A_YER_rate_doc_mismatch,2-مبيع:30771,2023-05-28,YER,0.002940,158.7600,64000.0000,64000.00,YER
A_YER_rate_doc_mismatch,2-مبيع:3081,2020-09-05,YER,0.005000,981.0000,366200.0000,366200.00,YER
A_YER_rate_doc_mismatch,2-مبيع:30853,2023-05-30,YER,0.002940,310.4600,150600.0000,150600.00,YER
A_YER_rate_doc_mismatch,2-مبيع:3086,2020-09-05,YER,0.005000,120.0000,43000.0000,43000.00,YER
A_YER_rate_doc_mismatch,2-مبيع:30912,2023-06-03,YER,0.002940,111.7200,58000.0000,58000.00,YER
A_YER_rate_doc_mismatch,2-مبيع:3092,2020-09-06,YER,0.005000,35.0000,12000.0000,12000.00,YER
A_YER_rate_doc_mismatch,2-مبيع:30956,2023-06-04,YER,0.002940,111.7200,68000.0000,68000.00,YER
A_YER_rate_doc_mismatch,2-مبيع:30973,2023-06-05,YER,0.002940,82.3200,49500.0000,49500.00,YER
A_YER_rate_doc_mismatch,2-مبيع:3100,2020-09-07,YER,0.005000,455.0000,171000.0000,171000.00,YER
A_YER_rate_doc_mismatch,2-مبيع:31064,2023-06-07,YER,0.002940,343.9800,167000.0000,167000.00,YER
A_YER_rate_doc_mismatch,2-مبيع:31115,2023-06-10,YER,0.002940,285.1800,137000.0000,137000.00,YER
A_YER_rate_doc_mismatch,2-مبيع:3112,2020-09-08,YER,0.005000,535.0000,137000.0000,137000.00,YER
A_YER_rate_doc_mismatch,2-مبيع:31137,2023-06-10,YER,0.002940,357.2100,221500.0000,221500.00,YER
A_YER_rate_doc_mismatch,2-مبيع:3116,2020-09-09,YER,0.005000,380.0000,139000.0000,139000.00,YER
A_YER_rate_doc_mismatch,2-مبيع:31251,2023-06-13,YER,0.002940,105.8400,63000.0000,63000.00,YER
A_YER_rate_doc_mismatch,2-مبيع:3135,2020-09-10,YER,0.005000,257.5000,60500.0000,60500.00,YER
A_YER_rate_doc_mismatch,2-مبيع:31371,2023-06-17,YER,0.002940,211.6800,132000.0000,132000.00,YER
A_YER_rate_doc_mismatch,2-مبيع:31411,2023-06-18,YER,0.002940,264.6000,160000.0000,160000.00,YER
A_YER_rate_doc_mismatch,2-مبيع:31428,2023-06-18,YER,0.002940,58.8000,36000.0000,36000.00,YER
A_YER_rate_doc_mismatch,2-مبيع:3145,2020-09-11,YER,0.005000,240.0000,69000.0000,69000.00,YER
A_YER_rate_doc_mismatch,2-مبيع:31509,2023-06-21,YER,0.002940,26.4600,16000.0000,16000.00,YER
A_YER_rate_doc_mismatch,2-مبيع:3151,2020-09-12,YER,0.005000,25.0000,7500.0000,7500.00,YER
A_YER_rate_doc_mismatch,2-مبيع:31518,2023-06-21,YER,0.002940,55.8600,29000.0000,29000.00,YER
A_YER_rate_doc_mismatch,2-مبيع:31522,2023-06-21,YER,0.002940,117.6000,60000.0000,60000.00,YER
A_YER_rate_doc_mismatch,2-مبيع:31566,2023-06-22,YER,0.002940,64.6800,31000.0000,31000.00,YER
A_YER_rate_doc_mismatch,2-مبيع:31600,2023-06-23,YER,0.002940,58.8000,44000.0000,44000.00,YER
A_YER_rate_doc_mismatch,2-مبيع:31610,2023-06-23,YER,0.002940,88.2000,40000.0000,40000.00,YER
A_YER_rate_doc_mismatch,2-مبيع:31648,2023-06-24,YER,0.002940,499.8000,290000.0000,290000.00,YER
A_YER_rate_doc_mismatch,2-مبيع:31651,2023-06-25,YER,0.002940,88.2000,40000.0000,40000.00,YER
A_YER_rate_doc_mismatch,2-مبيع:31662,2023-06-25,YER,0.002940,58.8000,28000.0000,28000.00,YER
A_YER_rate_doc_mismatch,2-مبيع:3170,2020-09-13,YER,0.005000,60.0000,20000.0000,20000.00,YER
A_YER_rate_doc_mismatch,2-مبيع:31717,2023-06-26,YER,0.002940,117.6000,65000.0000,65000.00,YER
A_YER_rate_doc_mismatch,2-مبيع:31724,2023-06-26,YER,0.002940,88.2000,70000.0000,70000.00,YER
A_YER_rate_doc_mismatch,2-مبيع:31728,2023-06-26,YER,0.002940,38.2200,19500.0000,19500.00,YER
A_YER_rate_doc_mismatch,2-مبيع:31739,2023-06-27,YER,0.002940,88.2000,57000.0000,57000.00,YER
A_YER_rate_doc_mismatch,2-مبيع:31743,2023-06-27,YER,0.002940,367.5000,215000.0000,215000.00,YER
A_YER_rate_doc_mismatch,2-مبيع:31762,2023-07-01,YER,0.002940,35.2800,19000.0000,19000.00,YER
A_YER_rate_doc_mismatch,2-مبيع:31772,2023-07-01,YER,0.002940,473.3400,174000.0000,174000.00,YER
A_YER_rate_doc_mismatch,2-مبيع:31776,2023-07-02,YER,0.002940,132.3000,82000.0000,82000.00,YER
A_YER_rate_doc_mismatch,2-مبيع:3179,2020-09-13,YER,0.005000,40.0000,14000.0000,14000.00,YER
A_YER_rate_doc_mismatch,2-مبيع:31816,2023-07-03,YER,0.002940,247.2500,175350.0000,175350.00,YER
A_YER_rate_doc_mismatch,2-مبيع:3186,2020-09-15,YER,0.005000,175.0000,58000.0000,58000.00,YER
A_YER_rate_doc_mismatch,2-مبيع:31870,2023-07-05,YER,0.002940,119.0700,58500.0000,58500.00,YER
A_YER_rate_doc_mismatch,2-مبيع:3190,2020-09-15,YER,0.005000,497.5000,157000.0000,157000.00,YER
A_YER_rate_doc_mismatch,2-مبيع:3191,2020-09-15,YER,0.005000,120.0000,26000.0000,26000.00,YER
A_YER_rate_doc_mismatch,2-مبيع:3193,2020-09-15,YER,0.005000,427.5000,155500.0000,155500.00,YER
A_YER_rate_doc_mismatch,2-مبيع:31933,2023-07-08,YER,0.002940,117.6000,60000.0000,60000.00,YER
A_YER_rate_doc_mismatch,2-مبيع:3198,2020-09-16,YER,0.005000,110.0000,37000.0000,37000.00,YER
A_YER_rate_doc_mismatch,2-مبيع:31988,2023-07-10,YER,0.002670,160.2000,100000.0000,100000.00,YER
A_YER_rate_doc_mismatch,2-مبيع:32068,2023-07-12,YER,0.002670,277.6800,194000.0000,194000.00,YER
A_YER_rate_doc_mismatch,2-مبيع:32091,2023-07-12,YER,0.002670,106.8000,52000.0000,52000.00,YER
A_YER_rate_doc_mismatch,2-مبيع:32137,2023-07-13,YER,0.002670,152.1900,107000.0000,107000.00,YER
A_YER_rate_doc_mismatch,2-مبيع:32138,2023-07-13,YER,0.002670,54.7400,31500.0000,31500.00,YER
A_YER_rate_doc_mismatch,2-مبيع:32189,2023-07-15,YER,0.002670,48.0600,28000.0000,28000.00,YER
A_YER_rate_doc_mismatch,2-مبيع:32199,2023-07-15,YER,0.002670,53.4000,30000.0000,30000.00,YER
A_YER_rate_doc_mismatch,2-مبيع:32213,2023-07-16,YER,0.002670,149.5200,71000.0000,71000.00,YER
A_YER_rate_doc_mismatch,2-مبيع:32218,2023-07-16,YER,0.002670,93.4500,63000.0000,63000.00,YER
A_YER_rate_doc_mismatch,2-مبيع:32247,2023-07-16,YER,0.002670,74.7600,30000.0000,30000.00,YER
A_YER_rate_doc_mismatch,2-مبيع:3227,2020-09-18,YER,0.005000,20.0000,36000.0000,36000.00,YER
A_YER_rate_doc_mismatch,2-مبيع:32278,2023-07-17,YER,0.002670,74.7600,48000.0000,48000.00,YER
A_YER_rate_doc_mismatch,2-مبيع:32327,2023-07-18,YER,0.002670,16.0200,23500.0000,23500.00,YER
A_YER_rate_doc_mismatch,2-مبيع:3233,2020-09-19,YER,0.005000,35.0000,9000.0000,9000.00,YER
A_YER_rate_doc_mismatch,2-مبيع:3234,2020-09-20,YER,0.005000,290.0000,99000.0000,99000.00,YER
A_YER_rate_doc_mismatch,2-مبيع:32354,2023-07-19,YER,0.002670,26.7000,110000.0000,110000.00,YER
A_YER_rate_doc_mismatch,2-مبيع:32373,2023-07-20,YER,0.002670,173.5500,105000.0000,105000.00,YER
A_YER_rate_doc_mismatch,2-مبيع:32396,2023-07-20,YER,0.002670,283.0200,246000.0000,246000.00,YER
A_YER_rate_doc_mismatch,2-مبيع:3241,2020-09-20,YER,0.005000,192.5000,40500.0000,40500.00,YER
A_YER_rate_doc_mismatch,2-مبيع:32446,2023-07-22,YER,0.002670,73.4200,46250.0000,46250.00,YER
A_YER_rate_doc_mismatch,2-مبيع:32472,2023-07-23,YER,0.002670,240.3000,160000.0000,160000.00,YER
A_YER_rate_doc_mismatch,2-مبيع:32518,2023-07-24,YER,0.002670,53.4000,35000.0000,35000.00,YER
A_YER_rate_doc_mismatch,2-مبيع:32522,2023-07-24,YER,0.002670,34.7100,16000.0000,16000.00,YER
A_YER_rate_doc_mismatch,2-مبيع:32609,2023-07-26,YER,0.002670,267.0000,150000.0000,150000.00,YER
A_YER_rate_doc_mismatch,2-مبيع:3262,2020-09-21,YER,0.004545,63.6400,15000.0000,15000.00,YER
A_YER_rate_doc_mismatch,2-مبيع:32637,2023-07-27,YER,0.002670,80.1000,50000.0000,50000.00,YER
A_YER_rate_doc_mismatch,2-مبيع:32673,2023-07-29,YER,0.002670,72.0900,44000.0000,44000.00,YER
A_YER_rate_doc_mismatch,2-مبيع:32677,2023-07-29,YER,0.002670,40.0500,25000.0000,25000.00,YER
A_YER_rate_doc_mismatch,2-مبيع:32737,2023-07-31,YER,0.002670,66.7500,40000.0000,40000.00,YER
A_YER_rate_doc_mismatch,2-مبيع:32743,2023-07-31,YER,0.002670,53.4000,30000.0000,30000.00,YER
A_YER_rate_doc_mismatch,2-مبيع:32771,2023-07-31,YER,0.002670,53.4000,32000.0000,32000.00,YER
A_YER_rate_doc_mismatch,2-مبيع:32780,2023-07-31,YER,0.002670,74.7600,48000.0000,48000.00,YER
A_YER_rate_doc_mismatch,2-مبيع:32803,2023-07-31,YER,0.002670,118.8100,56500.0000,56500.00,YER
A_YER_rate_doc_mismatch,2-مبيع:3281,2020-09-22,YER,0.004545,445.4500,101000.0000,101000.00,YER
A_YER_rate_doc_mismatch,2-مبيع:3282,2020-09-22,YER,0.004545,131.8200,33000.0000,33000.00,YER
A_YER_rate_doc_mismatch,2-مبيع:32820,2023-08-01,YER,0.002670,29.3700,13000.0000,13000.00,YER
A_YER_rate_doc_mismatch,2-مبيع:3283,2020-09-22,YER,0.004545,113.6400,48000.0000,48000.00,YER
A_YER_rate_doc_mismatch,2-مبيع:32840,2023-08-01,YER,0.002670,138.8400,62000.0000,62000.00,YER
A_YER_rate_doc_mismatch,2-مبيع:32866,2023-08-01,YER,0.002670,320.4000,220000.0000,220000.00,YER
A_YER_rate_doc_mismatch,2-مبيع:3289,2020-09-22,YER,0.004545,522.7300,215000.0000,215000.00,YER
A_YER_rate_doc_mismatch,2-مبيع:32926,2023-08-02,YER,0.004348,121.7400,48000.0000,48000.00,YER
A_YER_rate_doc_mismatch,2-مبيع:32950,2023-08-03,YER,0.002670,50.7300,29000.0000,29000.00,YER
A_YER_rate_doc_mismatch,2-مبيع:32968,2023-08-03,YER,0.002670,40.0500,26000.0000,26000.00,YER
A_YER_rate_doc_mismatch,2-مبيع:32977,2023-08-03,YER,0.002670,185.5600,99500.0000,99500.00,YER
A_YER_rate_doc_mismatch,2-مبيع:32982,2023-08-04,YER,0.002670,197.5800,94000.0000,94000.00,YER
A_YER_rate_doc_mismatch,2-مبيع:32986,2023-08-04,YER,0.002670,53.4000,30000.0000,30000.00,YER
A_YER_rate_doc_mismatch,2-مبيع:3301,2020-09-22,YER,0.004545,145.4500,49000.0000,49000.00,YER
A_YER_rate_doc_mismatch,2-مبيع:33026,2023-08-05,YER,0.002670,37.3800,34000.0000,34000.00,YER
A_YER_rate_doc_mismatch,2-مبيع:33030,2023-08-05,YER,0.002670,130.8300,84000.0000,84000.00,YER
A_YER_rate_doc_mismatch,2-مبيع:33031,2023-08-05,YER,0.002670,56.0700,36000.0000,36000.00,YER
A_YER_rate_doc_mismatch,2-مبيع:33137,2023-08-11,YER,0.002670,146.8500,86000.0000,86000.00,YER
A_YER_rate_doc_mismatch,2-مبيع:3325,2020-09-23,YER,0.004545,525.0000,121000.0000,121000.00,YER
A_YER_rate_doc_mismatch,2-مبيع:33262,2026-01-01,YER,0.002220,66.6000,48000.0000,48000.00,YER
A_YER_rate_doc_mismatch,2-مبيع:33281,2023-08-14,YER,0.002670,261.6600,194000.0000,194000.00,YER
A_YER_rate_doc_mismatch,2-مبيع:33358,2023-08-16,YER,0.002670,213.6000,152000.0000,152000.00,YER
A_YER_rate_doc_mismatch,2-مبيع:33412,2023-08-19,YER,0.002670,72.0900,64000.0000,64000.00,YER
A_YER_rate_doc_mismatch,2-مبيع:33439,2023-08-19,YER,0.002670,208.2600,113000.0000,113000.00,YER
A_YER_rate_doc_mismatch,2-مبيع:33458,2023-08-20,YER,0.002670,133.5000,93000.0000,93000.00,YER
A_YER_rate_doc_mismatch,2-مبيع:3349,2020-09-24,YER,0.004545,500.9100,216200.0000,216200.00,YER
A_YER_rate_doc_mismatch,2-مبيع:33494,2023-08-21,YER,0.002670,357.7800,258000.0000,258000.00,YER
A_YER_rate_doc_mismatch,2-مبيع:33509,2023-08-21,YER,0.002670,688.8600,408000.0000,408000.00,YER
A_YER_rate_doc_mismatch,2-مبيع:3352,2020-09-24,YER,0.004545,218.1800,63000.0000,63000.00,YER
A_YER_rate_doc_mismatch,2-مبيع:3360,2020-09-24,YER,0.004545,213.6400,67000.0000,67000.00,YER
A_YER_rate_doc_mismatch,2-مبيع:33606,2023-08-24,YER,0.002670,400.5000,275000.0000,275000.00,YER
A_YER_rate_doc_mismatch,2-مبيع:33641,2023-08-25,YER,0.002670,56.0700,36000.0000,36000.00,YER
A_YER_rate_doc_mismatch,2-مبيع:33661,2023-08-26,YER,0.002670,181.5600,82000.0000,82000.00,YER
A_YER_rate_doc_mismatch,2-مبيع:3367,2020-09-24,YER,0.004545,104.5500,43000.0000,43000.00,YER
A_YER_rate_doc_mismatch,2-مبيع:3379,2020-09-25,YER,0.004545,100.0000,37000.0000,37000.00,YER
A_YER_rate_doc_mismatch,2-مبيع:33823,2023-08-30,YER,0.002670,202.9200,126000.0000,126000.00,YER
A_YER_rate_doc_mismatch,2-مبيع:3383,2020-09-25,YER,0.004545,102.2700,27500.0000,27500.00,YER
A_YER_rate_doc_mismatch,2-مبيع:3385,2020-09-25,YER,0.004545,872.7300,324000.0000,324000.00,YER
A_YER_rate_doc_mismatch,2-مبيع:33882,2023-09-02,YER,0.002670,141.5100,73000.0000,73000.00,YER
A_YER_rate_doc_mismatch,2-مبيع:33888,2023-09-02,YER,0.002670,192.2400,92000.0000,92000.00,YER
A_YER_rate_doc_mismatch,2-مبيع:3390,2020-09-26,YER,0.004545,150.0000,56000.0000,56000.00,YER
A_YER_rate_doc_mismatch,2-مبيع:33943,2023-09-04,YER,0.002670,165.5400,102000.0000,102000.00,YER
A_YER_rate_doc_mismatch,2-مبيع:3395,2020-09-26,YER,0.004545,77.2700,24000.0000,24000.00,YER
A_YER_rate_doc_mismatch,2-مبيع:34023,2023-09-07,YER,0.002670,186.9000,120000.0000,120000.00,YER
A_YER_rate_doc_mismatch,2-مبيع:34029,2023-09-07,YER,0.002670,202.9200,121000.0000,121000.00,YER
A_YER_rate_doc_mismatch,2-مبيع:3415,2020-09-27,YER,0.004545,22.7300,9000.0000,9000.00,YER
A_YER_rate_doc_mismatch,2-مبيع:34171,2023-09-11,YER,0.002670,312.3900,207000.0000,207000.00,YER
A_YER_rate_doc_mismatch,2-مبيع:342,2020-03-10,YER,0.005710,77.0800,23500.0000,23500.00,YER
A_YER_rate_doc_mismatch,2-مبيع:34204,2023-09-12,YER,0.002670,69.4200,47000.0000,47000.00,YER
A_YER_rate_doc_mismatch,2-مبيع:34218,2023-09-12,YER,0.002670,128.1600,78000.0000,78000.00,YER
A_YER_rate_doc_mismatch,2-مبيع:34235,2023-09-13,YER,0.002670,176.2200,116000.0000,116000.00,YER
A_YER_rate_doc_mismatch,2-مبيع:34257,2023-09-14,YER,0.002670,349.7700,181000.0000,181000.00,YER
A_YER_rate_doc_mismatch,2-مبيع:3432,2020-09-27,YER,0.004545,245.4500,60000.0000,60000.00,YER
A_YER_rate_doc_mismatch,2-مبيع:34326,2023-09-16,YER,0.002670,133.5000,54000.0000,54000.00,YER
A_YER_rate_doc_mismatch,2-مبيع:3437,2020-09-27,YER,0.004545,340.9100,135000.0000,135000.00,YER
A_YER_rate_doc_mismatch,2-مبيع:34388,2023-09-19,YER,0.002670,74.7600,52000.0000,52000.00,YER
A_YER_rate_doc_mismatch,2-مبيع:34394,2023-09-19,YER,0.002670,80.1000,50000.0000,50000.00,YER
A_YER_rate_doc_mismatch,2-مبيع:34414,2023-09-20,YER,0.002670,186.9000,125000.0000,125000.00,YER
A_YER_rate_doc_mismatch,2-مبيع:3443,2020-09-27,YER,0.004545,140.0000,43600.0000,43600.00,YER
A_YER_rate_doc_mismatch,2-مبيع:34449,2023-09-21,YER,0.002670,50.7300,34000.0000,34000.00,YER
A_YER_rate_doc_mismatch,2-مبيع:3447,2020-09-27,YER,0.004545,20.4500,6500.0000,6500.00,YER
A_YER_rate_doc_mismatch,2-مبيع:3450,2020-09-28,YER,0.004545,240.9100,57000.0000,57000.00,YER
A_YER_rate_doc_mismatch,2-مبيع:3453,2020-09-28,YER,0.004545,195.4500,93000.0000,93000.00,YER
A_YER_rate_doc_mismatch,2-مبيع:34537,2023-09-24,YER,0.002670,21.3600,13000.0000,13000.00,YER
A_YER_rate_doc_mismatch,2-مبيع:34542,2023-09-25,YER,0.002670,93.4500,60000.0000,60000.00,YER
A_YER_rate_doc_mismatch,2-مبيع:34619,2023-09-27,YER,0.002670,93.4500,50000.0000,50000.00,YER
A_YER_rate_doc_mismatch,2-مبيع:34650,2023-09-28,YER,0.002670,80.1000,55000.0000,55000.00,YER
A_YER_rate_doc_mismatch,2-مبيع:34682,2023-09-29,YER,0.002670,208.2600,132000.0000,132000.00,YER
A_YER_rate_doc_mismatch,2-مبيع:34692,2023-09-30,YER,0.002670,96.1200,54000.0000,54000.00,YER
A_YER_rate_doc_mismatch,2-مبيع:34693,2023-09-30,YER,0.002670,96.1200,54000.0000,54000.00,YER
A_YER_rate_doc_mismatch,2-مبيع:34713,2023-09-30,YER,0.002670,120.1500,70000.0000,70000.00,YER
A_YER_rate_doc_mismatch,2-مبيع:3479,2020-09-28,YER,0.004545,302.2700,112500.0000,112500.00,YER
A_YER_rate_doc_mismatch,2-مبيع:34813,2023-10-03,YER,0.002670,244.3000,171500.0000,171500.00,YER
A_YER_rate_doc_mismatch,2-مبيع:34856,2023-10-04,YER,0.002670,158.8700,76000.0000,76000.00,YER
A_YER_rate_doc_mismatch,2-مبيع:34859,2023-10-04,YER,0.002670,515.3100,332000.0000,332000.00,YER
A_YER_rate_doc_mismatch,2-مبيع:3486,2020-09-28,YER,0.004545,152.2700,53500.0000,53500.00,YER
A_YER_rate_doc_mismatch,2-مبيع:34920,2023-10-06,YER,0.002670,53.4000,35000.0000,35000.00,YER
A_YER_rate_doc_mismatch,2-مبيع:3499,2020-09-29,YER,0.004545,290.9100,104000.0000,104000.00,YER
A_YER_rate_doc_mismatch,2-مبيع:35066,2023-10-11,YER,0.002670,74.7600,37000.0000,37000.00,YER
A_YER_rate_doc_mismatch,2-مبيع:3508,2020-09-29,YER,0.004545,181.8200,60000.0000,60000.00,YER
A_YER_rate_doc_mismatch,2-مبيع:35107,2023-10-13,YER,0.002670,160.2000,73000.0000,73000.00,YER
A_YER_rate_doc_mismatch,2-مبيع:35121,2023-10-14,YER,0.002670,173.5500,122000.0000,122000.00,YER
A_YER_rate_doc_mismatch,2-مبيع:35143,2023-10-14,YER,0.002670,688.8600,458000.0000,458000.00,YER
A_YER_rate_doc_mismatch,2-مبيع:35149,2023-10-15,YER,0.002670,213.6000,140000.0000,140000.00,YER
A_YER_rate_doc_mismatch,2-مبيع:35166,2023-10-15,YER,0.002670,133.5000,88500.0000,88500.00,YER
A_YER_rate_doc_mismatch,2-مبيع:35177,2023-10-15,YER,0.002670,106.8000,80000.0000,80000.00,YER
A_YER_rate_doc_mismatch,2-مبيع:35197,2023-10-16,YER,0.002670,93.4500,80000.0000,80000.00,YER
A_YER_rate_doc_mismatch,2-مبيع:35238,2023-10-17,YER,0.002670,181.5600,120000.0000,120000.00,YER
A_YER_rate_doc_mismatch,2-مبيع:35270,2023-10-18,YER,0.002670,224.2800,174000.0000,174000.00,YER
A_YER_rate_doc_mismatch,2-مبيع:35414,2023-10-28,YER,0.002670,197.5800,134000.0000,134000.00,YER
A_YER_rate_doc_mismatch,2-مبيع:35427,2023-10-29,YER,0.002670,176.2200,106000.0000,106000.00,YER
A_YER_rate_doc_mismatch,2-مبيع:35459,2023-10-30,YER,0.002670,18.6900,10000.0000,10000.00,YER
A_YER_rate_doc_mismatch,2-مبيع:35474,2023-10-30,YER,0.002670,106.8000,55000.0000,55000.00,YER
A_YER_rate_doc_mismatch,2-مبيع:35496,2023-10-31,YER,0.002670,80.1000,65000.0000,65000.00,YER
A_YER_rate_doc_mismatch,2-مبيع:3558,2020-10-01,YER,0.004545,322.7300,111000.0000,111000.00,YER
A_YER_rate_doc_mismatch,2-مبيع:35633,2023-11-04,YER,0.002670,96.1200,101000.0000,101000.00,YER
A_YER_rate_doc_mismatch,2-مبيع:35665,2023-11-05,YER,0.002670,662.1600,456000.0000,456000.00,YER
A_YER_rate_doc_mismatch,2-مبيع:35692,2023-11-06,YER,0.002670,40.0500,25000.0000,25000.00,YER
A_YER_rate_doc_mismatch,2-مبيع:35729,2023-11-07,YER,0.002670,18.6900,11000.0000,11000.00,YER
A_YER_rate_doc_mismatch,2-مبيع:35757,2023-11-08,YER,0.002670,267.0000,140000.0000,140000.00,YER
A_YER_rate_doc_mismatch,2-مبيع:35792,2024-03-28,YER,0.002330,130.4800,78000.0000,78000.00,YER
A_YER_rate_doc_mismatch,2-مبيع:3584,2020-10-02,YER,0.004545,81.8200,23000.0000,23000.00,YER
A_YER_rate_doc_mismatch,2-مبيع:35921,2023-11-14,YER,0.002670,566.0400,312000.0000,312000.00,YER
A_YER_rate_doc_mismatch,2-مبيع:35985,2023-11-16,YER,0.002500,185.0000,138000.0000,138000.00,YER
A_YER_rate_doc_mismatch,2-مبيع:3599,2020-10-03,YER,0.004545,295.4500,70000.0000,70000.00,YER
A_YER_rate_doc_mismatch,2-مبيع:3604,2020-10-03,YER,0.004545,286.3600,110000.0000,110000.00,YER
A_YER_rate_doc_mismatch,2-مبيع:36059,2023-11-18,YER,0.002500,110.0000,52000.0000,52000.00,YER
A_YER_rate_doc_mismatch,2-مبيع:36073,2023-11-19,YER,0.002500,20.0000,12000.0000,12000.00,YER
A_YER_rate_doc_mismatch,2-مبيع:36081,2023-11-19,YER,0.002500,25.0000,13500.8000,13500.80,YER
A_YER_rate_doc_mismatch,2-مبيع:36116,2023-11-20,YER,0.002500,200.0000,120000.0000,120000.00,YER
A_YER_rate_doc_mismatch,2-مبيع:36122,2023-11-20,YER,0.002500,62.5000,42000.0000,42000.00,YER
A_YER_rate_doc_mismatch,2-مبيع:3614,2020-10-03,YER,0.004545,190.9100,72000.0000,72000.00,YER
A_YER_rate_doc_mismatch,2-مبيع:36161,2023-11-21,YER,0.002500,55.0000,41500.0000,41500.00,YER
A_YER_rate_doc_mismatch,2-مبيع:36170,2023-11-21,YER,0.002500,125.0000,70000.0000,70000.00,YER
A_YER_rate_doc_mismatch,2-مبيع:36207,2023-11-22,YER,0.002500,75.0000,45000.0000,45000.00,YER
A_YER_rate_doc_mismatch,2-مبيع:36209,2023-11-22,YER,0.002500,157.5000,111000.0000,111000.00,YER
A_YER_rate_doc_mismatch,2-مبيع:36253,2023-11-25,YER,0.002500,592.5000,341000.0000,341000.00,YER
A_YER_rate_doc_mismatch,2-مبيع:36270,2023-11-25,YER,0.002500,95.0000,58000.0000,58000.00,YER
A_YER_rate_doc_mismatch,2-مبيع:36273,2023-11-25,YER,0.002500,50.0000,30000.0000,30000.00,YER
A_YER_rate_doc_mismatch,2-مبيع:36324,2023-11-27,YER,0.002500,208.7500,183500.0000,183500.00,YER
A_YER_rate_doc_mismatch,2-مبيع:36332,2023-11-27,YER,0.002500,112.5000,85000.0000,85000.00,YER
A_YER_rate_doc_mismatch,2-مبيع:36373,2023-11-28,YER,0.002500,45.0000,28000.0000,28000.00,YER
A_YER_rate_doc_mismatch,2-مبيع:3638,2020-10-04,YER,0.004545,404.5500,149000.0000,149000.00,YER
A_YER_rate_doc_mismatch,2-مبيع:36435,2023-11-30,YER,0.002500,175.0000,125000.0000,125000.00,YER
A_YER_rate_doc_mismatch,2-مبيع:3644,2020-10-04,YER,0.004545,40.9100,15000.0000,15000.00,YER
A_YER_rate_doc_mismatch,2-مبيع:36523,2023-12-03,YER,0.002500,43.7500,22500.0000,22500.00,YER
A_YER_rate_doc_mismatch,2-مبيع:36527,2023-12-03,YER,0.002500,87.5000,58000.0000,58000.00,YER
A_YER_rate_doc_mismatch,2-مبيع:36537,2023-12-03,YER,0.002500,87.5000,55000.0000,55000.00,YER
A_YER_rate_doc_mismatch,2-مبيع:36551,2023-12-04,YER,0.002500,45.0000,32000.0000,32000.00,YER
A_YER_rate_doc_mismatch,2-مبيع:36626,2023-12-06,YER,0.002500,75.0000,46500.0000,46500.00,YER
A_YER_rate_doc_mismatch,2-مبيع:36636,2023-12-06,YER,0.002500,182.5000,113000.0000,113000.00,YER
A_YER_rate_doc_mismatch,2-مبيع:36670,2023-12-07,YER,0.002500,120.0000,73000.0000,73000.00,YER
A_YER_rate_doc_mismatch,2-مبيع:36684,2023-12-08,YER,0.002500,72.5000,62000.0000,62000.00,YER
A_YER_rate_doc_mismatch,2-مبيع:367,2020-03-12,YER,0.005710,108.4900,32000.0000,32000.00,YER
A_YER_rate_doc_mismatch,2-مبيع:36716,2023-12-09,YER,0.002500,236.5000,144600.0000,144600.00,YER
A_YER_rate_doc_mismatch,2-مبيع:3676,2020-10-05,YER,0.004545,250.0000,58000.0000,58000.00,YER
A_YER_rate_doc_mismatch,2-مبيع:3683,2020-10-05,YER,0.004545,220.0000,56800.0000,56800.00,YER
A_YER_rate_doc_mismatch,2-مبيع:36857,2023-12-13,YER,0.002500,45.0000,28000.0000,28000.00,YER
A_YER_rate_doc_mismatch,2-مبيع:36903,2023-12-15,YER,0.002500,87.5000,57000.0000,57000.00,YER
A_YER_rate_doc_mismatch,2-مبيع:3693,2020-10-05,YER,0.004545,59.0900,26000.0000,26000.00,YER
A_YER_rate_doc_mismatch,2-مبيع:36980,2023-12-18,YER,0.002500,15.0000,11800.0000,11800.00,YER
A_YER_rate_doc_mismatch,2-مبيع:3701,2020-10-05,YER,0.004545,104.5500,38000.0000,38000.00,YER
A_YER_rate_doc_mismatch,2-مبيع:3702,2020-10-05,YER,0.004545,468.1800,106000.0000,106000.00,YER
A_YER_rate_doc_mismatch,2-مبيع:37053,2023-12-21,YER,0.002500,122.5000,129000.0000,129000.00,YER
A_YER_rate_doc_mismatch,2-مبيع:37063,2023-12-21,YER,0.002500,137.5000,95000.0000,95000.00,YER
A_YER_rate_doc_mismatch,2-مبيع:3712,2020-10-05,YER,0.004545,200.0000,64000.0000,64000.00,YER
A_YER_rate_doc_mismatch,2-مبيع:37161,2023-12-24,YER,0.002500,158.7500,93500.0000,93500.00,YER
A_YER_rate_doc_mismatch,2-مبيع:37172,2023-12-24,YER,0.002500,87.5000,51000.0000,51000.00,YER
A_YER_rate_doc_mismatch,2-مبيع:3718,2020-10-06,YER,0.004545,145.4500,59000.0000,59000.00,YER
A_YER_rate_doc_mismatch,2-مبيع:37204,2023-12-25,YER,0.002500,42.5000,27000.0000,27000.00,YER
A_YER_rate_doc_mismatch,2-مبيع:37213,2023-12-25,YER,0.002500,825.0000,652000.0000,652000.00,YER
A_YER_rate_doc_mismatch,2-مبيع:37264,2023-12-28,YER,0.002500,1270.0000,708000.0000,708000.00,YER
A_YER_rate_doc_mismatch,2-مبيع:37268,2023-12-28,YER,0.002500,260.5000,119400.0000,119400.00,YER
A_YER_rate_doc_mismatch,2-مبيع:37299,2023-12-29,YER,0.002500,242.5000,156000.0000,156000.00,YER
A_YER_rate_doc_mismatch,2-مبيع:37348,2023-12-30,YER,0.002500,117.5000,97000.0000,97000.00,YER
A_YER_rate_doc_mismatch,2-مبيع:3740,2020-10-06,YER,0.004545,59.0900,16000.0000,16000.00,YER
A_YER_rate_doc_mismatch,2-مبيع:37412,2024-01-05,YER,0.002500,62.5000,45000.0000,45000.00,YER
A_YER_rate_doc_mismatch,2-مبيع:37420,2024-01-06,YER,0.002500,87.5000,55000.0000,55000.00,YER
A_YER_rate_doc_mismatch,2-مبيع:37425,2024-01-06,YER,0.002500,162.5000,120000.0000,120000.00,YER
A_YER_rate_doc_mismatch,2-مبيع:37426,2024-01-06,YER,0.002500,35.0000,23000.0000,23000.00,YER
A_YER_rate_doc_mismatch,2-مبيع:37434,2024-01-06,YER,0.002500,100.0000,60000.0000,60000.00,YER
A_YER_rate_doc_mismatch,2-مبيع:37453,2024-01-06,YER,0.002500,87.5000,51000.0000,51000.00,YER
A_YER_rate_doc_mismatch,2-مبيع:37454,2024-01-06,YER,0.002500,57.5000,26000.0000,26000.00,YER
A_YER_rate_doc_mismatch,2-مبيع:37515,2024-01-08,YER,0.002500,87.5000,53000.0000,53000.00,YER
A_YER_rate_doc_mismatch,2-مبيع:3755,2020-10-07,YER,0.004545,68.1800,28000.0000,28000.00,YER
A_YER_rate_doc_mismatch,2-مبيع:37559,2024-01-10,YER,0.002500,838.7500,644500.0000,644500.00,YER
A_YER_rate_doc_mismatch,2-مبيع:3756,2020-10-07,YER,0.004545,81.8200,33000.0000,33000.00,YER
A_YER_rate_doc_mismatch,2-مبيع:37596,2024-01-11,YER,0.002500,260.0000,204000.0000,204000.00,YER
A_YER_rate_doc_mismatch,2-مبيع:37631,2024-01-13,YER,0.002500,90.0000,53000.0000,53000.00,YER
A_YER_rate_doc_mismatch,2-مبيع:3764,2020-10-07,YER,0.004545,138.6400,34500.0000,34500.00,YER
A_YER_rate_doc_mismatch,2-مبيع:37651,2024-01-14,YER,0.002500,220.0000,153000.0000,153000.00,YER
A_YER_rate_doc_mismatch,2-مبيع:3766,2020-10-08,YER,0.004545,136.3600,37000.0000,37000.00,YER
A_YER_rate_doc_mismatch,2-مبيع:37753,2025-01-01,YER,0.001900,115.9000,91000.0000,91000.00,YER
A_YER_rate_doc_mismatch,2-مبيع:3777,2020-10-08,YER,0.004545,90.9100,21000.0000,21000.00,YER
A_YER_rate_doc_mismatch,2-مبيع:37775,2024-01-18,YER,0.002500,232.5000,143000.0000,143000.00,YER
A_YER_rate_doc_mismatch,2-مبيع:3780,2020-10-08,YER,0.004545,100.0000,24000.0000,24000.00,YER
A_YER_rate_doc_mismatch,2-مبيع:37802,2024-01-20,YER,0.002500,325.0000,230000.0000,230000.00,YER
A_YER_rate_doc_mismatch,2-مبيع:3781,2020-10-08,YER,0.004545,38.6400,14500.0000,14500.00,YER
A_YER_rate_doc_mismatch,2-مبيع:37891,2024-01-23,YER,0.002500,425.0000,290000.0000,290000.00,YER
A_YER_rate_doc_mismatch,2-مبيع:3792,2020-10-08,YER,0.004545,168.1800,67000.0000,67000.00,YER
A_YER_rate_doc_mismatch,2-مبيع:37929,2024-01-27,YER,0.002500,425.0000,203000.0000,203000.00,YER
A_YER_rate_doc_mismatch,2-مبيع:37951,2024-01-27,YER,0.002500,50.0000,32000.0000,32000.00,YER
A_YER_rate_doc_mismatch,2-مبيع:37966,2024-01-28,YER,0.002500,130.0000,77000.0000,77000.00,YER
A_YER_rate_doc_mismatch,2-مبيع:37983,2024-01-29,YER,0.002500,72.5000,49000.0000,49000.00,YER
A_YER_rate_doc_mismatch,2-مبيع:3799,2020-10-09,YER,0.004545,72.7300,26000.0000,26000.00,YER
A_YER_rate_doc_mismatch,2-مبيع:38006,2025-01-01,YER,0.001900,85.5000,78000.0000,78000.00,YER
A_YER_rate_doc_mismatch,2-مبيع:38020,2024-01-30,YER,0.002500,112.5000,75000.0000,75000.00,YER
A_YER_rate_doc_mismatch,2-مبيع:38057,2024-01-31,YER,0.002500,492.5000,357000.0000,357000.00,YER
A_YER_rate_doc_mismatch,2-مبيع:38072,2024-02-01,YER,0.002500,63.2500,42300.0000,42300.00,YER
A_YER_rate_doc_mismatch,2-مبيع:38108,2024-02-03,YER,0.002330,393.7700,269000.0000,269000.00,YER
A_YER_rate_doc_mismatch,2-مبيع:38123,2024-02-04,YER,0.002330,27.9600,17000.0000,17000.00,YER
A_YER_rate_doc_mismatch,2-مبيع:38152,2024-02-05,YER,0.002330,79.2200,48000.0000,48000.00,YER
A_YER_rate_doc_mismatch,2-مبيع:38205,2024-02-07,YER,0.002330,62.9100,42000.0000,42000.00,YER
A_YER_rate_doc_mismatch,2-مبيع:38283,2024-02-11,YER,0.002330,171.2500,98500.0000,98500.00,YER
A_YER_rate_doc_mismatch,2-مبيع:3830,2020-10-10,YER,0.004545,145.4500,52000.0000,52000.00,YER
A_YER_rate_doc_mismatch,2-مبيع:38361,2025-01-01,YER,0.001900,93.1000,83000.0000,83000.00,YER
A_YER_rate_doc_mismatch,2-مبيع:38365,2024-02-14,YER,0.002330,46.6000,25000.0000,25000.00,YER
A_YER_rate_doc_mismatch,2-مبيع:38387,2024-02-14,YER,0.002330,60.5800,32000.0000,32000.00,YER
A_YER_rate_doc_mismatch,2-مبيع:38409,2024-02-15,YER,0.002330,219.0200,158000.0000,158000.00,YER
A_YER_rate_doc_mismatch,2-مبيع:38470,2024-02-17,YER,0.002330,93.2000,65000.0000,65000.00,YER
A_YER_rate_doc_mismatch,2-مبيع:3848,2020-10-11,YER,0.004545,200.0000,63000.0000,63000.00,YER
A_YER_rate_doc_mismatch,2-مبيع:38510,2024-02-19,YER,0.002330,25.6300,18000.0000,18000.00,YER
A_YER_rate_doc_mismatch,2-مبيع:38541,2024-02-20,YER,0.002330,79.2200,61000.0000,61000.00,YER
A_YER_rate_doc_mismatch,2-مبيع:38594,2024-02-22,YER,0.002330,27.9600,19000.0000,19000.00,YER
A_YER_rate_doc_mismatch,2-مبيع:38600,2024-02-22,YER,0.002330,69.9000,45000.0000,45000.00,YER
A_YER_rate_doc_mismatch,2-مبيع:3868,2020-10-12,YER,0.004545,122.7300,29000.0000,29000.00,YER
A_YER_rate_doc_mismatch,2-مبيع:38680,2024-02-25,YER,0.002330,135.1400,92500.0000,92500.00,YER
A_YER_rate_doc_mismatch,2-مبيع:38701,2024-02-26,YER,0.002330,377.4600,168500.0000,168500.00,YER
A_YER_rate_doc_mismatch,2-مبيع:3872,2020-10-12,YER,0.004545,590.9100,135000.0000,135000.00,YER
A_YER_rate_doc_mismatch,2-مبيع:3873,2020-10-12,YER,0.004545,285.9100,104900.0000,104900.00,YER
A_YER_rate_doc_mismatch,2-مبيع:38730,2024-02-27,YER,0.002330,922.6800,574000.0000,574000.00,YER
A_YER_rate_doc_mismatch,2-مبيع:38733,2024-02-27,YER,0.002330,291.2500,213000.0000,213000.00,YER
A_YER_rate_doc_mismatch,2-مبيع:38806,2024-03-01,YER,0.002330,81.5500,55000.0000,55000.00,YER
A_YER_rate_doc_mismatch,2-مبيع:38844,2024-03-02,YER,0.002330,186.4000,150000.0000,150000.00,YER
A_YER_rate_doc_mismatch,2-مبيع:38861,2024-03-03,YER,0.002330,11.6500,14500.0000,14500.00,YER
A_YER_rate_doc_mismatch,2-مبيع:3889,2020-10-13,YER,0.004545,113.6400,45000.0000,45000.00,YER
A_YER_rate_doc_mismatch,2-مبيع:38937,2024-03-06,YER,0.002330,172.4200,119000.0000,119000.00,YER
A_YER_rate_doc_mismatch,2-مبيع:39016,2024-03-09,YER,0.002330,41.9400,22000.0000,22000.00,YER
A_YER_rate_doc_mismatch,2-مبيع:39034,2024-03-10,YER,0.002330,46.6000,33000.0000,33000.00,YER
A_YER_rate_doc_mismatch,2-مبيع:39044,2024-03-10,YER,0.002330,510.2700,338000.0000,338000.00,YER
A_YER_rate_doc_mismatch,2-مبيع:3906,2020-10-13,YER,0.004545,377.2700,162000.0000,162000.00,YER
A_YER_rate_doc_mismatch,2-مبيع:39091,2024-03-13,YER,0.002330,34.9500,20000.0000,20000.00,YER
A_YER_rate_doc_mismatch,2-مبيع:39147,2024-03-15,YER,0.002330,153.7800,110000.0000,110000.00,YER
A_YER_rate_doc_mismatch,2-مبيع:39158,2024-03-15,YER,0.002330,80.3900,78500.0000,78500.00,YER
A_YER_rate_doc_mismatch,2-مبيع:3917,2020-10-14,YER,0.004545,136.3600,50000.0000,50000.00,YER
A_YER_rate_doc_mismatch,2-مبيع:39243,2024-03-20,YER,0.002330,46.6000,45000.0000,45000.00,YER
A_YER_rate_doc_mismatch,2-مبيع:3929,2020-10-14,YER,0.004545,338.6400,112000.0000,112000.00,YER
A_YER_rate_doc_mismatch,2-مبيع:39319,2024-03-23,YER,0.002330,128.1500,80000.0000,80000.00,YER
A_YER_rate_doc_mismatch,2-مبيع:3933,2020-10-14,YER,0.004545,181.8200,75000.0000,75000.00,YER
A_YER_rate_doc_mismatch,2-مبيع:39359,2026-01-01,YER,0.002220,521.7000,455000.0000,455000.00,YER
A_YER_rate_doc_mismatch,2-مبيع:39361,2024-03-24,YER,0.002330,163.1000,90000.0000,90000.00,YER
A_YER_rate_doc_mismatch,2-مبيع:39408,2024-03-26,YER,0.002330,11.6500,8000.0000,8000.00,YER
A_YER_rate_doc_mismatch,2-مبيع:39421,2024-03-26,YER,0.002330,251.6400,168000.0000,168000.00,YER
A_YER_rate_doc_mismatch,2-مبيع:39423,2024-03-26,YER,0.002330,37.2800,23000.0000,23000.00,YER
A_YER_rate_doc_mismatch,2-مبيع:39446,2026-01-01,YER,0.002220,48.8400,34000.0000,34000.00,YER
A_YER_rate_doc_mismatch,2-مبيع:3947,2020-10-15,YER,0.004545,200.0000,83000.0000,83000.00,YER
A_YER_rate_doc_mismatch,2-مبيع:3954,2020-10-15,YER,0.004545,52.2700,20500.0000,20500.00,YER
A_YER_rate_doc_mismatch,2-مبيع:39630,2024-04-02,YER,0.002330,174.7500,125000.0000,125000.00,YER
A_YER_rate_doc_mismatch,2-مبيع:3972,2020-10-17,YER,0.004545,195.4500,63000.0000,63000.00,YER
A_YER_rate_doc_mismatch,2-مبيع:39746,2024-04-06,YER,0.002330,116.5000,80000.0000,80000.00,YER
A_YER_rate_doc_mismatch,2-مبيع:39750,2024-04-06,YER,0.002330,426.3900,333000.0000,333000.00,YER
A_YER_rate_doc_mismatch,2-مبيع:39821,2024-04-09,YER,0.002330,419.4000,355000.0000,355000.00,YER
A_YER_rate_doc_mismatch,2-مبيع:39839,2024-04-09,YER,0.002330,466.0000,400000.0000,400000.00,YER
A_YER_rate_doc_mismatch,2-مبيع:39854,2024-04-13,YER,0.002330,37.2800,22000.0000,22000.00,YER
A_YER_rate_doc_mismatch,2-مبيع:39967,2024-04-19,YER,0.002330,233.0000,190000.0000,190000.00,YER
A_YER_rate_doc_mismatch,2-مبيع:39986,2024-04-20,YER,0.002330,270.2800,232000.0000,232000.00,YER
A_YER_rate_doc_mismatch,2-مبيع:40001,2025-01-01,YER,0.001900,76.0000,70000.0000,70000.00,YER
A_YER_rate_doc_mismatch,2-مبيع:40057,2024-04-22,YER,0.002330,86.2100,67000.0000,67000.00,YER
A_YER_rate_doc_mismatch,2-مبيع:40096,2024-04-24,YER,0.002330,114.1700,69000.0000,69000.00,YER
A_YER_rate_doc_mismatch,2-مبيع:4011,2020-10-18,YER,0.004545,268.1800,103000.0000,103000.00,YER
A_YER_rate_doc_mismatch,2-مبيع:40140,2024-04-25,YER,0.002330,58.2500,38500.0000,38500.00,YER
A_YER_rate_doc_mismatch,2-مبيع:40179,2024-04-27,YER,0.002330,81.5500,55000.0000,55000.00,YER
A_YER_rate_doc_mismatch,2-مبيع:40205,2024-04-28,YER,0.002330,16.3100,11000.0000,11000.00,YER
A_YER_rate_doc_mismatch,2-مبيع:40217,2024-04-28,YER,0.002330,256.3000,150000.0000,150000.00,YER
A_YER_rate_doc_mismatch,2-مبيع:40223,2024-04-28,YER,0.002330,108.3400,66000.0000,66000.00,YER
A_YER_rate_doc_mismatch,2-مبيع:40252,2024-04-29,YER,0.002330,209.7000,145000.0000,145000.00,YER
A_YER_rate_doc_mismatch,2-مبيع:40270,2024-04-30,YER,0.002330,76.8900,53000.0000,53000.00,YER
A_YER_rate_doc_mismatch,2-مبيع:40279,2024-05-01,YER,0.002330,207.3700,129000.0000,129000.00,YER
A_YER_rate_doc_mismatch,2-مبيع:40331,2024-05-04,YER,0.002220,106.5600,72000.0000,72000.00,YER
A_YER_rate_doc_mismatch,2-مبيع:40348,2024-05-04,YER,0.002220,122.1000,102000.0000,102000.00,YER
A_YER_rate_doc_mismatch,2-مبيع:40371,2024-05-05,YER,0.002220,1284.2700,778500.0000,778500.00,YER
A_YER_rate_doc_mismatch,2-مبيع:40412,2024-05-07,YER,0.002220,128.7600,158000.0000,158000.00,YER
A_YER_rate_doc_mismatch,2-مبيع:40429,2024-05-07,YER,0.002220,95.4600,56000.0000,56000.00,YER
A_YER_rate_doc_mismatch,2-مبيع:4047,2020-10-20,YER,0.004545,90.9100,30000.0000,30000.00,YER
A_YER_rate_doc_mismatch,2-مبيع:40510,2024-05-10,YER,0.002220,111.0000,80000.0000,80000.00,YER
A_YER_rate_doc_mismatch,2-مبيع:40528,2024-05-11,YER,0.002220,98.7900,64500.0000,64500.00,YER
A_YER_rate_doc_mismatch,2-مبيع:40563,2024-05-12,YER,0.002220,321.9000,235000.0000,235000.00,YER
A_YER_rate_doc_mismatch,2-مبيع:40566,2024-05-12,YER,0.002220,93.2400,62000.0000,62000.00,YER
A_YER_rate_doc_mismatch,2-مبيع:40594,2024-05-13,YER,0.002220,26.6400,26000.0000,26000.00,YER
A_YER_rate_doc_mismatch,2-مبيع:40610,2025-01-01,YER,0.001900,123.5000,115000.0000,115000.00,YER
A_YER_rate_doc_mismatch,2-مبيع:4063,2020-10-21,YER,0.004545,229.5500,160500.0000,160500.00,YER
A_YER_rate_doc_mismatch,2-مبيع:40644,2024-05-15,YER,0.002220,743.7000,585000.0000,585000.00,YER
A_YER_rate_doc_mismatch,2-مبيع:40646,2024-05-15,YER,0.002220,213.1200,146000.0000,146000.00,YER
A_YER_rate_doc_mismatch,2-مبيع:40715,2024-05-18,YER,0.002220,99.9000,85000.0000,85000.00,YER
A_YER_rate_doc_mismatch,2-مبيع:40738,2024-05-18,YER,0.002220,44.4000,30000.0000,30000.00,YER
A_YER_rate_doc_mismatch,2-مبيع:40749,2024-05-18,YER,0.002220,233.1000,190000.0000,190000.00,YER
A_YER_rate_doc_mismatch,2-مبيع:4077,2020-10-21,YER,0.004545,236.3600,54000.0000,54000.00,YER
A_YER_rate_doc_mismatch,2-مبيع:4080,2020-10-21,YER,0.004545,181.8200,60000.0000,60000.00,YER
A_YER_rate_doc_mismatch,2-مبيع:40809,2024-05-21,YER,0.002220,71.0400,56000.0000,56000.00,YER
A_YER_rate_doc_mismatch,2-مبيع:40816,2024-05-21,YER,0.002220,515.0400,412000.0000,412000.00,YER
A_YER_rate_doc_mismatch,2-مبيع:40833,2024-05-22,YER,0.002220,66.6000,40000.0000,40000.00,YER
A_YER_rate_doc_mismatch,2-مبيع:40835,2024-05-22,YER,0.002220,75.4800,54000.0000,54000.00,YER
A_YER_rate_doc_mismatch,2-مبيع:40848,2024-05-22,YER,0.002220,290.8200,241000.0000,241000.00,YER
A_YER_rate_doc_mismatch,2-مبيع:40952,2024-05-26,YER,0.002220,179.8200,151000.0000,151000.00,YER
A_YER_rate_doc_mismatch,2-مبيع:4096,2020-10-21,YER,0.004545,381.8200,124000.0000,124000.00,YER
A_YER_rate_doc_mismatch,2-مبيع:41039,2024-05-28,YER,0.002220,73.2600,76000.0000,76000.00,YER
A_YER_rate_doc_mismatch,2-مبيع:41040,2024-05-28,YER,0.002220,22.2000,39000.0000,39000.00,YER
A_YER_rate_doc_mismatch,2-مبيع:4106,2020-10-22,YER,0.004545,118.1800,42000.0000,42000.00,YER
A_YER_rate_doc_mismatch,2-مبيع:41106,2024-05-30,YER,0.002220,88.8000,62500.0000,62500.00,YER
A_YER_rate_doc_mismatch,2-مبيع:4115,2020-10-22,YER,0.004545,181.8200,45000.0000,45000.00,YER
A_YER_rate_doc_mismatch,2-مبيع:41162,2024-06-01,YER,0.002220,92.1300,66500.0000,66500.00,YER
A_YER_rate_doc_mismatch,2-مبيع:4117,2020-10-22,YER,0.004545,150.0000,53000.0000,53000.00,YER
A_YER_rate_doc_mismatch,2-مبيع:41203,2024-06-02,YER,0.002220,153.1800,141000.0000,141000.00,YER
A_YER_rate_doc_mismatch,2-مبيع:4123,2020-10-22,YER,0.004545,40.9100,10000.0000,10000.00,YER
A_YER_rate_doc_mismatch,2-مبيع:41277,2024-06-04,YER,0.002220,28.8600,21000.0000,21000.00,YER
A_YER_rate_doc_mismatch,2-مبيع:41313,2024-06-04,YER,0.002220,310.8000,270000.0000,270000.00,YER
A_YER_rate_doc_mismatch,2-مبيع:41422,2024-06-08,YER,0.002220,117.6600,64000.0000,64000.00,YER
A_YER_rate_doc_mismatch,2-مبيع:41472,2024-06-10,YER,0.002220,214.2300,126500.0000,126500.00,YER
A_YER_rate_doc_mismatch,2-مبيع:41474,2024-06-10,YER,0.002220,166.5000,123000.0000,123000.00,YER
A_YER_rate_doc_mismatch,2-مبيع:4151,2020-10-23,YER,0.004545,340.9100,113000.0000,113000.00,YER
A_YER_rate_doc_mismatch,2-مبيع:41592,2024-06-13,YER,0.002220,106.5600,73000.0000,73000.00,YER
A_YER_rate_doc_mismatch,2-مبيع:4160,2020-10-24,YER,0.004545,250.0000,105000.0000,105000.00,YER
A_YER_rate_doc_mismatch,2-مبيع:4162,2020-10-24,YER,0.004545,65.9100,24500.0000,24500.00,YER
A_YER_rate_doc_mismatch,2-مبيع:41635,2024-06-14,YER,0.002220,111.0000,75000.0000,75000.00,YER
A_YER_rate_doc_mismatch,2-مبيع:41639,2024-06-14,YER,0.002220,122.1000,95000.0000,95000.00,YER
A_YER_rate_doc_mismatch,2-مبيع:41683,2024-06-20,YER,0.002220,237.5400,170000.0000,170000.00,YER
A_YER_rate_doc_mismatch,2-مبيع:41692,2024-06-20,YER,0.002220,44.4000,30000.0000,30000.00,YER
A_YER_rate_doc_mismatch,2-مبيع:4170,2020-10-24,YER,0.004545,45.4500,15000.0000,15000.00,YER
A_YER_rate_doc_mismatch,2-مبيع:41755,2024-06-23,YER,0.002220,203.1300,141500.0000,141500.00,YER
A_YER_rate_doc_mismatch,2-مبيع:41774,2024-06-23,YER,0.002220,255.3000,200000.0000,200000.00,YER
A_YER_rate_doc_mismatch,2-مبيع:41783,2024-06-23,YER,0.002220,93.2400,67000.0000,67000.00,YER
A_YER_rate_doc_mismatch,2-مبيع:41784,2024-06-23,YER,0.002220,61.0500,44000.0000,44000.00,YER
A_YER_rate_doc_mismatch,2-مبيع:41862,2024-06-26,YER,0.002220,153.1800,119000.0000,119000.00,YER
A_YER_rate_doc_mismatch,2-مبيع:41870,2025-01-01,YER,0.001900,68.4000,58000.0000,58000.00,YER
A_YER_rate_doc_mismatch,2-مبيع:41881,2024-06-26,YER,0.002220,122.1000,103000.0000,103000.00,YER
A_YER_rate_doc_mismatch,2-مبيع:41975,2024-06-29,YER,0.002220,106.5600,66000.0000,66000.00,YER
A_YER_rate_doc_mismatch,2-مبيع:4198,2020-10-25,YER,0.004545,450.0000,148000.0000,148000.00,YER
A_YER_rate_doc_mismatch,2-مبيع:4199,2020-10-25,YER,0.004545,181.8200,70000.0000,70000.00,YER
A_YER_rate_doc_mismatch,2-مبيع:42060,2024-07-02,YER,0.002220,233.5400,182400.0000,182400.00,YER
A_YER_rate_doc_mismatch,2-مبيع:42094,2024-07-03,YER,0.002220,165.3900,114500.0000,114500.00,YER
A_YER_rate_doc_mismatch,2-مبيع:4211,2020-10-26,YER,0.004545,290.9100,124000.0000,124000.00,YER
A_YER_rate_doc_mismatch,2-مبيع:42144,2024-07-06,YER,0.002220,166.5000,135000.0000,135000.00,YER
A_YER_rate_doc_mismatch,2-مبيع:4216,2020-10-26,YER,0.004545,54.5500,14000.0000,14000.00,YER
A_YER_rate_doc_mismatch,2-مبيع:42162,2024-07-06,YER,0.002220,291.9300,275500.0000,275500.00,YER
A_YER_rate_doc_mismatch,2-مبيع:4220,2020-10-26,YER,0.004545,72.7300,22000.0000,22000.00,YER
A_YER_rate_doc_mismatch,2-مبيع:42206,2024-07-07,YER,0.002220,122.1000,102000.0000,102000.00,YER
A_YER_rate_doc_mismatch,2-مبيع:42232,2024-07-08,YER,0.002220,879.1200,596000.0000,596000.00,YER
A_YER_rate_doc_mismatch,2-مبيع:42245,2024-07-09,YER,0.002220,197.5800,129000.0000,129000.00,YER
A_YER_rate_doc_mismatch,2-مبيع:4232,2020-10-26,YER,0.004545,59.0900,25000.0000,25000.00,YER
A_YER_rate_doc_mismatch,2-مبيع:42324,2024-07-11,YER,0.002220,388.5000,236000.0000,236000.00,YER
A_YER_rate_doc_mismatch,2-مبيع:42361,2025-01-01,YER,0.001900,117.8000,112000.0000,112000.00,YER
A_YER_rate_doc_mismatch,2-مبيع:42390,2024-07-14,YER,0.002220,77.7000,60000.0000,60000.00,YER
A_YER_rate_doc_mismatch,2-مبيع:42412,2024-07-15,YER,0.002220,177.6000,130000.0000,130000.00,YER
A_YER_rate_doc_mismatch,2-مبيع:42423,2024-07-15,YER,0.002220,521.7000,385000.0000,385000.00,YER
A_YER_rate_doc_mismatch,2-مبيع:42444,2024-07-15,YER,0.002220,159.8400,102000.0000,102000.00,YER
A_YER_rate_doc_mismatch,2-مبيع:42468,2024-07-16,YER,0.002220,39.9600,60000.0000,60000.00,YER
A_YER_rate_doc_mismatch,2-مبيع:42499,2024-07-17,YER,0.002220,99.9000,75000.0000,75000.00,YER
A_YER_rate_doc_mismatch,2-مبيع:42565,2024-07-20,YER,0.002220,769.2300,546500.0000,546500.00,YER
A_YER_rate_doc_mismatch,2-مبيع:42581,2024-07-20,YER,0.002220,75.4800,50000.0000,50000.00,YER
A_YER_rate_doc_mismatch,2-مبيع:42607,2024-07-21,YER,0.002220,3108.0000,2400000.0000,2400000.00,YER
A_YER_rate_doc_mismatch,2-مبيع:42613,2025-01-01,YER,0.001900,45.6000,35000.0000,35000.00,YER
A_YER_rate_doc_mismatch,2-مبيع:42642,2024-07-22,YER,0.002220,388.5000,335000.0000,335000.00,YER
A_YER_rate_doc_mismatch,2-مبيع:42644,2024-07-22,YER,0.002220,93.2400,62000.0000,62000.00,YER
A_YER_rate_doc_mismatch,2-مبيع:42709,2024-07-25,YER,0.002220,193.1400,127000.0000,127000.00,YER
A_YER_rate_doc_mismatch,2-مبيع:42746,2024-07-26,YER,0.002220,53.2800,33000.0000,33000.00,YER
A_YER_rate_doc_mismatch,2-مبيع:42783,2024-07-28,YER,0.002220,75.4800,50000.0000,50000.00,YER
A_YER_rate_doc_mismatch,2-مبيع:42784,2024-07-28,YER,0.002220,62.1600,53000.0000,53000.00,YER
A_YER_rate_doc_mismatch,2-مبيع:42791,2024-07-28,YER,0.002220,48.8400,36000.0000,36000.00,YER
A_YER_rate_doc_mismatch,2-مبيع:42819,2024-07-29,YER,0.002220,233.1000,170000.0000,170000.00,YER
A_YER_rate_doc_mismatch,2-مبيع:4282,2020-10-27,YER,0.004545,45.4500,15500.0000,15500.00,YER
A_YER_rate_doc_mismatch,2-مبيع:42923,2024-08-01,YER,0.002220,144.3000,120000.0000,120000.00,YER
A_YER_rate_doc_mismatch,2-مبيع:42975,2024-08-04,YER,0.002220,310.8000,265000.0000,265000.00,YER
A_YER_rate_doc_mismatch,2-مبيع:43014,2024-08-05,YER,0.001980,79.2000,60000.0000,60000.00,YER
A_YER_rate_doc_mismatch,2-مبيع:43028,2024-08-05,YER,0.001980,35.6400,27500.0000,27500.00,YER
A_YER_rate_doc_mismatch,2-مبيع:4307,2020-10-28,YER,0.004545,249.0900,89800.0000,89800.00,YER
A_YER_rate_doc_mismatch,2-مبيع:43081,2024-08-07,YER,0.001980,29.7000,65000.0000,65000.00,YER
A_YER_rate_doc_mismatch,2-مبيع:43159,2024-08-11,YER,0.001980,116.8200,159000.0000,159000.00,YER
A_YER_rate_doc_mismatch,2-مبيع:43168,2024-08-11,YER,0.001980,93.0600,77000.0000,77000.00,YER
A_YER_rate_doc_mismatch,2-مبيع:43183,2024-08-12,YER,0.001980,23.7600,212000.0000,212000.00,YER
A_YER_rate_doc_mismatch,2-مبيع:43205,2024-08-13,YER,0.001980,124.7400,93000.0000,93000.00,YER
A_YER_rate_doc_mismatch,2-مبيع:43227,2024-08-13,YER,0.001980,227.7000,395000.0000,395000.00,YER
A_YER_rate_doc_mismatch,2-مبيع:43254,2024-08-14,YER,0.001980,63.3600,52000.0000,52000.00,YER
A_YER_rate_doc_mismatch,2-مبيع:43283,2024-08-15,YER,0.001980,427.6800,366000.0000,366000.00,YER
A_YER_rate_doc_mismatch,2-مبيع:43325,2024-08-17,YER,0.001980,108.9000,70000.0000,70000.00,YER
A_YER_rate_doc_mismatch,2-مبيع:43333,2024-08-17,YER,0.001980,49.5000,32000.0000,32000.00,YER
A_YER_rate_doc_mismatch,2-مبيع:43337,2024-08-17,YER,0.001980,79.2000,60000.0000,60000.00,YER
A_YER_rate_doc_mismatch,2-مبيع:43377,2024-08-18,YER,0.001980,39.6000,30000.0000,30000.00,YER
A_YER_rate_doc_mismatch,2-مبيع:4341,2020-10-29,YER,0.004545,77.2700,24000.0000,24000.00,YER
A_YER_rate_doc_mismatch,2-مبيع:43455,2024-08-21,YER,0.001980,118.8000,83000.0000,83000.00,YER
A_YER_rate_doc_mismatch,2-مبيع:43530,2024-08-25,YER,0.001980,205.9200,141000.0000,141000.00,YER
A_YER_rate_doc_mismatch,2-مبيع:43590,2024-08-27,YER,0.001980,35.6400,25000.0000,25000.00,YER
A_YER_rate_doc_mismatch,2-مبيع:43685,2024-09-01,YER,0.001980,83.1600,52000.0000,52000.00,YER
A_YER_rate_doc_mismatch,2-مبيع:4371,2020-10-31,YER,0.004545,54.5500,16000.0000,16000.00,YER
A_YER_rate_doc_mismatch,2-مبيع:43721,2024-09-01,YER,0.001980,110.8800,86000.0000,86000.00,YER
A_YER_rate_doc_mismatch,2-مبيع:4377,2020-10-31,YER,0.004545,100.0000,36000.0000,36000.00,YER
A_YER_rate_doc_mismatch,2-مبيع:43772,2024-09-03,YER,0.001980,134.6400,118000.0000,118000.00,YER
A_YER_rate_doc_mismatch,2-مبيع:4383,2020-10-31,YER,0.004545,840.9100,190000.0000,190000.00,YER
A_YER_rate_doc_mismatch,2-مبيع:43859,2025-01-01,YER,0.001900,235.6000,226000.0000,226000.00,YER
A_YER_rate_doc_mismatch,2-مبيع:43860,2024-09-07,YER,0.001980,118.8000,103500.0000,103500.00,YER
A_YER_rate_doc_mismatch,2-مبيع:43869,2024-09-07,YER,0.001980,106.9200,85000.0000,85000.00,YER
A_YER_rate_doc_mismatch,2-مبيع:43906,2024-09-09,YER,0.001980,118.8000,80000.0000,80000.00,YER
A_YER_rate_doc_mismatch,2-مبيع:4392,2020-11-01,YER,0.004545,45.4500,18000.0000,18000.00,YER
A_YER_rate_doc_mismatch,2-مبيع:44052,2024-09-14,YER,0.001980,198.0000,175000.0000,175000.00,YER
A_YER_rate_doc_mismatch,2-مبيع:44102,2024-09-15,YER,0.001980,29.7000,97000.0000,97000.00,YER
A_YER_rate_doc_mismatch,2-مبيع:44138,2024-09-16,YER,0.001980,95.0400,78000.0000,78000.00,YER
A_YER_rate_doc_mismatch,2-مبيع:44155,2024-09-17,YER,0.001980,148.5000,133000.0000,133000.00,YER
A_YER_rate_doc_mismatch,2-مبيع:44252,2024-09-20,YER,0.001980,257.4000,230000.0000,230000.00,YER
A_YER_rate_doc_mismatch,2-مبيع:44334,2024-09-23,YER,0.001980,63.3600,57000.0000,57000.00,YER
A_YER_rate_doc_mismatch,2-مبيع:4439,2020-11-03,YER,0.004545,272.7300,116000.0000,116000.00,YER
A_YER_rate_doc_mismatch,2-مبيع:44439,2024-09-27,YER,0.001980,43.5600,42000.0000,42000.00,YER
A_YER_rate_doc_mismatch,2-مبيع:44447,2026-01-01,YER,0.002220,122.1000,80000.0000,80000.00,YER
A_YER_rate_doc_mismatch,2-مبيع:44450,2024-09-28,YER,0.001980,166.3200,158000.0000,158000.00,YER
A_YER_rate_doc_mismatch,2-مبيع:44465,2024-09-28,YER,0.001980,93.0600,97000.0000,97000.00,YER
A_YER_rate_doc_mismatch,2-مبيع:44504,2024-09-30,YER,0.001980,217.8000,200000.0000,200000.00,YER
A_YER_rate_doc_mismatch,2-مبيع:44539,2024-10-01,YER,0.001980,116.8200,79000.0000,79000.00,YER
A_YER_rate_doc_mismatch,2-مبيع:44586,2024-10-02,YER,0.001980,59.4000,40000.0000,40000.00,YER
A_YER_rate_doc_mismatch,2-مبيع:44680,2024-10-06,YER,0.001980,259.3800,181000.0000,181000.00,YER
A_YER_rate_doc_mismatch,2-مبيع:4471,2020-11-04,YER,0.004545,86.3600,23000.0000,23000.00,YER
A_YER_rate_doc_mismatch,2-مبيع:44733,2024-10-07,YER,0.001980,55.4400,43000.0000,43000.00,YER
A_YER_rate_doc_mismatch,2-مبيع:44771,2024-10-09,YER,0.001980,182.1600,178000.0000,178000.00,YER
A_YER_rate_doc_mismatch,2-مبيع:44780,2024-10-09,YER,0.001980,55.4400,35000.0000,35000.00,YER
A_YER_rate_doc_mismatch,2-مبيع:44884,2024-10-14,YER,0.001890,207.9000,205000.0000,205000.00,YER
A_YER_rate_doc_mismatch,2-مبيع:44891,2024-10-14,YER,0.001890,52.9200,47000.0000,47000.00,YER
A_YER_rate_doc_mismatch,2-مبيع:45128,2024-10-24,YER,0.001890,85.0500,75000.0000,75000.00,YER
A_YER_rate_doc_mismatch,2-مبيع:45163,2024-10-25,YER,0.001890,122.8500,115000.0000,115000.00,YER
A_YER_rate_doc_mismatch,2-مبيع:45170,2024-10-25,YER,0.001890,302.4000,260000.0000,260000.00,YER
A_YER_rate_doc_mismatch,2-مبيع:45180,2024-10-26,YER,0.001890,75.6000,65000.0000,65000.00,YER
A_YER_rate_doc_mismatch,2-مبيع:45271,2024-10-29,YER,0.001890,34.0200,28000.0000,28000.00,YER
A_YER_rate_doc_mismatch,2-مبيع:453,2020-03-19,YER,0.005710,391.1300,88500.0000,88500.00,YER
A_YER_rate_doc_mismatch,2-مبيع:4532,2020-11-05,YER,0.004545,100.0000,39000.0000,39000.00,YER
A_YER_rate_doc_mismatch,2-مبيع:4538,2020-11-06,YER,0.004545,63.6400,21000.0000,21000.00,YER
A_YER_rate_doc_mismatch,2-مبيع:4545,2020-11-07,YER,0.004545,145.4500,53000.0000,53000.00,YER
A_YER_rate_doc_mismatch,2-مبيع:4549,2020-11-07,YER,0.004545,68.1800,25000.0000,25000.00,YER
A_YER_rate_doc_mismatch,2-مبيع:45509,2024-11-06,YER,0.001890,81.2700,73000.0000,73000.00,YER
A_YER_rate_doc_mismatch,2-مبيع:45512,2024-11-06,YER,0.001890,151.2000,135000.0000,135000.00,YER
A_YER_rate_doc_mismatch,2-مبيع:45513,2024-11-06,YER,0.001890,122.8500,110000.0000,110000.00,YER
A_YER_rate_doc_mismatch,2-مبيع:45598,2024-11-09,YER,0.001890,292.9500,255000.0000,255000.00,YER
A_YER_rate_doc_mismatch,2-مبيع:45606,2024-11-09,YER,0.001890,56.7000,45000.0000,45000.00,YER
A_YER_rate_doc_mismatch,2-مبيع:4566,2020-11-07,YER,0.004545,250.0000,61000.0000,61000.00,YER
A_YER_rate_doc_mismatch,2-مبيع:45693,2024-11-12,YER,0.001890,236.2500,205000.0000,205000.00,YER
A_YER_rate_doc_mismatch,2-مبيع:45720,2024-11-13,YER,0.001890,103.9500,105000.0000,105000.00,YER
A_YER_rate_doc_mismatch,2-مبيع:45722,2024-11-13,YER,0.001890,60.4800,36000.0000,36000.00,YER
A_YER_rate_doc_mismatch,2-مبيع:45755,2024-11-15,YER,0.001890,47.2500,40000.0000,40000.00,YER
A_YER_rate_doc_mismatch,2-مبيع:45776,2025-01-01,YER,0.001900,205.2000,188000.0000,188000.00,YER
A_YER_rate_doc_mismatch,2-مبيع:45781,2024-11-16,YER,0.001890,102.0600,100000.0000,100000.00,YER
A_YER_rate_doc_mismatch,2-مبيع:45783,2025-01-01,YER,0.001900,96.9000,87000.0000,87000.00,YER
A_YER_rate_doc_mismatch,2-مبيع:45810,2024-11-17,YER,0.001890,251.3700,195000.0000,195000.00,YER
A_YER_rate_doc_mismatch,2-مبيع:45836,2024-11-18,YER,0.001890,165.3800,137500.0000,137500.00,YER
A_YER_rate_doc_mismatch,2-مبيع:45840,2024-11-18,YER,0.001890,238.1400,243000.0000,243000.00,YER
A_YER_rate_doc_mismatch,2-مبيع:45985,2025-01-01,YER,0.001900,133.0000,120000.0000,120000.00,YER
A_YER_rate_doc_mismatch,2-مبيع:46002,2024-11-24,YER,0.001890,234.3600,224000.0000,224000.00,YER
A_YER_rate_doc_mismatch,2-مبيع:46003,2024-11-24,YER,0.001890,75.6000,70000.0000,70000.00,YER
A_YER_rate_doc_mismatch,2-مبيع:46004,2024-11-24,YER,0.001890,189.0000,150000.0000,150000.00,YER
A_YER_rate_doc_mismatch,2-مبيع:46054,2024-11-26,YER,0.001890,136.0800,92000.0000,92000.00,YER
A_YER_rate_doc_mismatch,2-مبيع:46058,2024-11-26,YER,0.001890,28.3500,35000.0000,35000.00,YER
A_YER_rate_doc_mismatch,2-مبيع:4607,2020-11-08,YER,0.004545,40.9100,16000.0000,16000.00,YER
A_YER_rate_doc_mismatch,2-مبيع:46098,2024-11-28,YER,0.001890,22.6800,20000.0000,20000.00,YER
A_YER_rate_doc_mismatch,2-مبيع:46167,2024-11-30,YER,0.001890,75.6000,60000.0000,60000.00,YER
A_YER_rate_doc_mismatch,2-مبيع:46228,2024-12-02,YER,0.001890,51.0300,41000.0000,41000.00,YER
A_YER_rate_doc_mismatch,2-مبيع:4626,2020-11-09,YER,0.004545,181.8200,64000.0000,64000.00,YER
A_YER_rate_doc_mismatch,2-مبيع:46311,2024-12-06,YER,0.001890,75.6000,70000.0000,70000.00,YER
A_YER_rate_doc_mismatch,2-مبيع:46313,2024-12-06,YER,0.001890,357.2100,339000.0000,339000.00,YER
A_YER_rate_doc_mismatch,2-مبيع:4639,2020-11-09,YER,0.004545,59.0900,17000.0000,17000.00,YER
A_YER_rate_doc_mismatch,2-مبيع:464,2020-03-20,YER,0.005710,245.5300,77500.0000,77500.00,YER
A_YER_rate_doc_mismatch,2-مبيع:46429,2024-12-10,YER,0.001890,75.6000,114000.0000,114000.00,YER
A_YER_rate_doc_mismatch,2-مبيع:46502,2024-12-12,YER,0.001890,434.7000,310000.0000,310000.00,YER
A_YER_rate_doc_mismatch,2-مبيع:46747,2024-12-21,YER,0.001890,34.0200,26000.0000,26000.00,YER
A_YER_rate_doc_mismatch,2-مبيع:4675,2020-11-10,YER,0.004545,104.5500,43000.0000,43000.00,YER
A_YER_rate_doc_mismatch,2-مبيع:4680,2020-11-11,YER,0.004545,95.4500,32000.0000,32000.00,YER
A_YER_rate_doc_mismatch,2-مبيع:4687,2020-11-11,YER,0.004545,31.8200,12000.0000,12000.00,YER
A_YER_rate_doc_mismatch,2-مبيع:46873,2024-12-26,YER,0.001890,75.6000,70000.0000,70000.00,YER
A_YER_rate_doc_mismatch,2-مبيع:46929,2024-12-28,YER,0.001890,96.3900,71000.0000,71000.00,YER
A_YER_rate_doc_mismatch,2-مبيع:47001,2024-12-31,YER,0.001900,171.0000,170000.0000,170000.00,YER
A_YER_rate_doc_mismatch,2-مبيع:4701,2020-11-12,YER,0.004545,86.3600,21000.0000,21000.00,YER
A_YER_rate_doc_mismatch,2-مبيع:4702,2020-11-12,YER,0.004545,640.9100,191000.0000,191000.00,YER
A_YER_rate_doc_mismatch,2-مبيع:47025,2025-01-01,YER,0.001900,209.0000,210000.0000,210000.00,YER
A_YER_rate_doc_mismatch,2-مبيع:47076,2025-01-02,YER,0.001900,45.6000,39000.0000,39000.00,YER
A_YER_rate_doc_mismatch,2-مبيع:47084,2025-01-03,YER,0.001900,34.2000,31000.0000,31000.00,YER
A_YER_rate_doc_mismatch,2-مبيع:47133,2025-01-04,YER,0.001900,537.7000,483000.0000,483000.00,YER
A_YER_rate_doc_mismatch,2-مبيع:4714,2020-11-14,YER,0.004545,227.2700,90000.0000,90000.00,YER
A_YER_rate_doc_mismatch,2-مبيع:47187,2025-01-06,YER,0.001900,62.7000,63000.0000,63000.00,YER
A_YER_rate_doc_mismatch,2-مبيع:47194,2025-01-07,YER,0.001900,152.0000,99000.0000,99000.00,YER
A_YER_rate_doc_mismatch,2-مبيع:47199,2025-01-08,YER,0.001900,483.5500,312000.0000,312000.00,YER
A_YER_rate_doc_mismatch,2-مبيع:4720,2020-11-14,YER,0.004545,40.9100,16000.0000,16000.00,YER
A_YER_rate_doc_mismatch,2-مبيع:47216,2025-01-08,YER,0.001900,58.9000,42000.0000,42000.00,YER
A_YER_rate_doc_mismatch,2-مبيع:47288,2025-01-11,YER,0.001900,152.0000,132000.0000,132000.00,YER
A_YER_rate_doc_mismatch,2-مبيع:47306,2025-01-12,YER,0.001900,313.5000,205000.0000,205000.00,YER
A_YER_rate_doc_mismatch,2-مبيع:47384,2025-01-14,YER,0.001900,186.2000,148000.0000,148000.00,YER
A_YER_rate_doc_mismatch,2-مبيع:4743,2020-11-15,YER,0.004545,386.3600,165000.0000,165000.00,YER
A_YER_rate_doc_mismatch,2-مبيع:4745,2020-11-15,YER,0.004545,163.6400,72000.0000,72000.00,YER
A_YER_rate_doc_mismatch,2-مبيع:4760,2020-11-15,YER,0.004545,286.3600,91000.0000,91000.00,YER
A_YER_rate_doc_mismatch,2-مبيع:47648,2025-01-23,YER,0.001900,180.5000,195000.0000,195000.00,YER
A_YER_rate_doc_mismatch,2-مبيع:47655,2025-01-24,YER,0.001900,76.0000,60000.0000,60000.00,YER
A_YER_rate_doc_mismatch,2-مبيع:47725,2025-01-26,YER,0.001900,138.7000,130000.0000,130000.00,YER
A_YER_rate_doc_mismatch,2-مبيع:4777,2020-11-16,YER,0.004545,204.5500,105000.0000,105000.00,YER
A_YER_rate_doc_mismatch,2-مبيع:47795,2025-01-28,YER,0.001900,108.3000,97000.0000,97000.00,YER
A_YER_rate_doc_mismatch,2-مبيع:4789,2020-11-16,YER,0.004545,68.1800,25000.0000,25000.00,YER
A_YER_rate_doc_mismatch,2-مبيع:47893,2025-01-31,YER,0.001900,152.9500,208000.0000,208000.00,YER
A_YER_rate_doc_mismatch,2-مبيع:47918,2025-02-01,YER,0.001900,285.0000,207000.0000,207000.00,YER
A_YER_rate_doc_mismatch,2-مبيع:47921,2025-02-01,YER,0.001900,95.0000,80000.0000,80000.00,YER
A_YER_rate_doc_mismatch,2-مبيع:4800,2020-11-16,YER,0.004545,268.1800,109000.0000,109000.00,YER
A_YER_rate_doc_mismatch,2-مبيع:48040,2025-02-04,YER,0.001900,47.5000,40000.0000,40000.00,YER
A_YER_rate_doc_mismatch,2-مبيع:48101,2025-02-06,YER,0.001900,22.8000,19000.0000,19000.00,YER
A_YER_rate_doc_mismatch,2-مبيع:4814,2020-11-17,YER,0.004545,29.5500,8500.0000,8500.00,YER
A_YER_rate_doc_mismatch,2-مبيع:48143,2025-02-08,YER,0.001670,297.2600,238000.0000,238000.00,YER
A_YER_rate_doc_mismatch,2-مبيع:48149,2025-02-08,YER,0.001670,15.0300,59000.0000,59000.00,YER
A_YER_rate_doc_mismatch,2-مبيع:4815,2020-11-17,YER,0.004545,150.0000,69500.0000,69500.00,YER
A_YER_rate_doc_mismatch,2-مبيع:48158,2025-02-09,YER,0.001670,380.7600,388000.0000,388000.00,YER
A_YER_rate_doc_mismatch,2-مبيع:48177,2025-02-09,YER,0.001670,150.3000,100000.0000,100000.00,YER
A_YER_rate_doc_mismatch,2-مبيع:48228,2025-02-11,YER,0.001670,566.1300,499000.0000,499000.00,YER
A_YER_rate_doc_mismatch,2-مبيع:48264,2025-02-12,YER,0.001670,288.9100,273000.0000,273000.00,YER
A_YER_rate_doc_mismatch,2-مبيع:48269,2025-02-12,YER,0.001670,141.9500,135000.0000,135000.00,YER
A_YER_rate_doc_mismatch,2-مبيع:48283,2025-02-13,YER,0.001670,60.1200,67000.0000,67000.00,YER
A_YER_rate_doc_mismatch,2-مبيع:48287,2025-02-13,YER,0.001670,484.3000,490000.0000,490000.00,YER
A_YER_rate_doc_mismatch,2-مبيع:4832,2020-11-18,YER,0.004545,150.0000,43000.0000,43000.00,YER
A_YER_rate_doc_mismatch,2-مبيع:48326,2025-02-15,YER,0.001670,110.2200,82000.0000,82000.00,YER
A_YER_rate_doc_mismatch,2-مبيع:48372,2025-02-16,YER,0.001670,58.4500,55000.0000,55000.00,YER
A_YER_rate_doc_mismatch,2-مبيع:484,2020-03-22,YER,0.005710,125.6200,27000.0000,27000.00,YER
A_YER_rate_doc_mismatch,2-مبيع:48432,2025-02-18,YER,0.001670,25.0500,22000.0000,22000.00,YER
A_YER_rate_doc_mismatch,2-مبيع:48463,2025-02-18,YER,0.001670,227.1200,217000.0000,217000.00,YER
A_YER_rate_doc_mismatch,2-مبيع:48588,2025-02-25,YER,0.001670,136.9400,142000.0000,142000.00,YER
A_YER_rate_doc_mismatch,2-مبيع:48648,2025-02-27,YER,0.001670,50.1000,42000.0000,42000.00,YER
A_YER_rate_doc_mismatch,2-مبيع:48655,2025-02-27,YER,0.001670,26.7200,26000.0000,26000.00,YER
A_YER_rate_doc_mismatch,2-مبيع:4866,2020-11-19,YER,0.004545,390.9100,92000.0000,92000.00,YER
A_YER_rate_doc_mismatch,2-مبيع:4868,2020-11-19,YER,0.004545,36.3600,13000.0000,13000.00,YER
A_YER_rate_doc_mismatch,2-مبيع:48687,2025-02-28,YER,0.001670,66.8000,70000.0000,70000.00,YER
A_YER_rate_doc_mismatch,2-مبيع:4876,2020-11-19,YER,0.004545,47.7300,18500.0000,18500.00,YER
A_YER_rate_doc_mismatch,2-مبيع:4888,2020-11-20,YER,0.004545,81.8200,43000.0000,43000.00,YER
A_YER_rate_doc_mismatch,2-مبيع:4891,2020-11-20,YER,0.004545,263.6400,61000.0000,61000.00,YER
A_YER_rate_doc_mismatch,2-مبيع:48954,2025-03-12,YER,0.001670,116.0700,119500.0000,119500.00,YER
A_YER_rate_doc_mismatch,2-مبيع:48961,2025-03-12,YER,0.001670,60.1200,86000.0000,86000.00,YER
A_YER_rate_doc_mismatch,2-مبيع:48984,2025-03-13,YER,0.001670,63.4600,63000.0000,63000.00,YER
A_YER_rate_doc_mismatch,2-مبيع:49019,2025-03-14,YER,0.001670,175.3500,195500.0000,195500.00,YER
A_YER_rate_doc_mismatch,2-مبيع:4903,2020-11-21,YER,0.004545,218.1800,70000.0000,70000.00,YER
A_YER_rate_doc_mismatch,2-مبيع:49063,2025-03-16,YER,0.001670,66.8000,55000.0000,55000.00,YER
A_YER_rate_doc_mismatch,2-مبيع:49080,2025-03-17,YER,0.001670,560.2900,431500.0000,431500.00,YER
A_YER_rate_doc_mismatch,2-مبيع:49101,2025-03-17,YER,0.001670,100.2000,100000.0000,100000.00,YER
A_YER_rate_doc_mismatch,2-مبيع:49105,2025-03-18,YER,0.001670,98.5300,89000.0000,89000.00,YER
A_YER_rate_doc_mismatch,2-مبيع:4920,2020-11-21,YER,0.004545,1159.0900,499000.0000,499000.00,YER
A_YER_rate_doc_mismatch,2-مبيع:4922,2020-11-21,YER,0.004545,197.7300,75000.0000,75000.00,YER
A_YER_rate_doc_mismatch,2-مبيع:49251,2025-07-30,YER,0.002340,631.8000,500000.0000,500000.00,YER
A_YER_rate_doc_mismatch,2-مبيع:4926,2020-11-21,YER,0.004545,90.9100,35000.0000,35000.00,YER
A_YER_rate_doc_mismatch,2-مبيع:49278,2025-03-24,YER,0.001670,60.1200,56000.0000,56000.00,YER
A_YER_rate_doc_mismatch,2-مبيع:49336,2025-03-27,YER,0.001670,66.8000,58000.0000,58000.00,YER
A_YER_rate_doc_mismatch,2-مبيع:49464,2025-04-06,YER,0.001670,143.6200,122000.0000,122000.00,YER
A_YER_rate_doc_mismatch,2-مبيع:49500,2025-04-07,YER,0.001670,25.0500,25000.0000,25000.00,YER
A_YER_rate_doc_mismatch,2-مبيع:49502,2025-04-07,YER,0.001670,203.7400,184000.0000,184000.00,YER
A_YER_rate_doc_mismatch,2-مبيع:4953,2020-11-22,YER,0.004545,136.3600,46000.0000,46000.00,YER
A_YER_rate_doc_mismatch,2-مبيع:4961,2020-11-22,YER,0.004545,159.0900,50000.0000,50000.00,YER
A_YER_rate_doc_mismatch,2-مبيع:4963,2020-11-22,YER,0.004545,222.7300,71000.0000,71000.00,YER
A_YER_rate_doc_mismatch,2-مبيع:49639,2025-04-11,YER,0.001670,119.4100,101500.0000,101500.00,YER
A_YER_rate_doc_mismatch,2-مبيع:49666,2025-04-12,YER,0.001670,68.4700,67000.0000,67000.00,YER
A_YER_rate_doc_mismatch,2-مبيع:49681,2025-04-13,YER,0.001670,31.7300,29000.0000,29000.00,YER
A_YER_rate_doc_mismatch,2-مبيع:4973,2020-11-22,YER,0.004545,272.7300,75000.0000,75000.00,YER
A_YER_rate_doc_mismatch,2-مبيع:4991,2020-11-23,YER,0.004545,600.0000,247000.0000,247000.00,YER
A_YER_rate_doc_mismatch,2-مبيع:49946,2025-04-23,YER,0.001540,23.1000,25000.0000,25000.00,YER
A_YER_rate_doc_mismatch,2-مبيع:4999,2020-11-23,YER,0.004545,18.1800,7000.0000,7000.00,YER
A_YER_rate_doc_mismatch,2-مبيع:50046,2025-04-27,YER,0.001540,56.9800,70000.0000,70000.00,YER
A_YER_rate_doc_mismatch,2-مبيع:50084,2025-04-28,YER,0.001540,215.7500,240100.0000,240100.00,YER
A_YER_rate_doc_mismatch,2-مبيع:50158,2025-04-30,YER,0.001540,46.2000,50000.0000,50000.00,YER
A_YER_rate_doc_mismatch,2-مبيع:50211,2025-05-02,YER,0.001540,52.3600,59000.0000,59000.00,YER
A_YER_rate_doc_mismatch,2-مبيع:5031,2020-11-24,YER,0.004545,136.3600,45000.0000,45000.00,YER
A_YER_rate_doc_mismatch,2-مبيع:50320,2025-05-07,YER,0.001540,23.1000,25000.0000,25000.00,YER
A_YER_rate_doc_mismatch,2-مبيع:50331,2025-05-07,YER,0.001540,69.3000,80000.0000,80000.00,YER
A_YER_rate_doc_mismatch,2-مبيع:50361,2025-05-08,YER,0.001540,92.4000,100000.0000,100000.00,YER
A_YER_rate_doc_mismatch,2-مبيع:50371,2025-05-09,YER,0.001540,97.0200,160500.0000,160500.00,YER
A_YER_rate_doc_mismatch,2-مبيع:5042,2020-11-25,YER,0.004545,100.0000,32000.0000,32000.00,YER
A_YER_rate_doc_mismatch,2-مبيع:50482,2025-05-12,YER,0.001540,49.2800,44000.0000,44000.00,YER
A_YER_rate_doc_mismatch,2-مبيع:50491,2025-05-13,YER,0.001540,61.6000,60000.0000,60000.00,YER
A_YER_rate_doc_mismatch,2-مبيع:5051,2020-11-25,YER,0.004545,113.6400,45000.0000,45000.00,YER
A_YER_rate_doc_mismatch,2-مبيع:50627,2025-05-16,YER,0.001540,61.6000,55000.0000,55000.00,YER
A_YER_rate_doc_mismatch,2-مبيع:50648,2025-05-16,YER,0.001540,200.2000,245000.0000,245000.00,YER
A_YER_rate_doc_mismatch,2-مبيع:5065,2020-11-26,YER,0.004545,27.2700,10000.0000,10000.00,YER
A_YER_rate_doc_mismatch,2-مبيع:50663,2025-05-17,YER,0.001540,155.5400,163000.0000,163000.00,YER
A_YER_rate_doc_mismatch,2-مبيع:5081,2020-11-26,YER,0.004545,525.0000,122500.0000,122500.00,YER
A_YER_rate_doc_mismatch,2-مبيع:50816,2025-05-25,YER,0.001540,147.8400,146000.0000,146000.00,YER
A_YER_rate_doc_mismatch,2-مبيع:5096,2020-11-26,YER,0.004545,152.2700,61500.0000,61500.00,YER
A_YER_rate_doc_mismatch,2-مبيع:50991,2025-05-30,YER,0.001540,92.4000,95000.0000,95000.00,YER
A_YER_rate_doc_mismatch,2-مبيع:51012,2025-05-31,YER,0.001540,126.2800,123000.0000,123000.00,YER
A_YER_rate_doc_mismatch,2-مبيع:51280,2025-06-11,YER,0.001540,184.8000,220000.0000,220000.00,YER
A_YER_rate_doc_mismatch,2-مبيع:51387,2025-06-15,YER,0.001540,100.1000,115000.0000,115000.00,YER
A_YER_rate_doc_mismatch,2-مبيع:51461,2025-06-18,YER,0.001540,83.1600,98000.0000,98000.00,YER
A_YER_rate_doc_mismatch,2-مبيع:51553,2025-06-22,YER,0.001540,47.7400,41000.0000,41000.00,YER
A_YER_rate_doc_mismatch,2-مبيع:5162,2020-11-29,YER,0.004545,277.2700,106000.0000,106000.00,YER
A_YER_rate_doc_mismatch,2-مبيع:51621,2025-06-24,YER,0.002340,100.6200,73000.0000,73000.00,YER
A_YER_rate_doc_mismatch,2-مبيع:51633,2025-06-25,YER,0.001540,30.8000,30000.0000,30000.00,YER
A_YER_rate_doc_mismatch,2-مبيع:51716,2025-06-28,YER,0.001540,385.0000,420000.0000,420000.00,YER
A_YER_rate_doc_mismatch,2-مبيع:51747,2025-06-30,YER,0.001540,92.4000,95000.0000,95000.00,YER
A_YER_rate_doc_mismatch,2-مبيع:51759,2025-06-30,YER,0.001540,214.0600,198000.0000,198000.00,YER
A_YER_rate_doc_mismatch,2-مبيع:5179,2020-11-29,YER,0.004545,136.3600,36000.0000,36000.00,YER
A_YER_rate_doc_mismatch,2-مبيع:5186,2020-11-29,YER,0.004545,222.7300,93000.0000,93000.00,YER
A_YER_rate_doc_mismatch,2-مبيع:519,2020-03-25,YER,0.005710,685.2000,220000.0000,220000.00,YER
A_YER_rate_doc_mismatch,2-مبيع:5192,2020-11-30,YER,0.004545,372.7300,156500.0000,156500.00,YER
A_YER_rate_doc_mismatch,2-مبيع:51923,2025-07-06,YER,0.001540,46.2000,40000.0000,40000.00,YER
A_YER_rate_doc_mismatch,2-مبيع:5200,2020-11-30,YER,0.004545,159.0900,60000.0000,60000.00,YER
A_YER_rate_doc_mismatch,2-مبيع:52070,2025-07-11,YER,0.001540,375.7600,429000.0000,429000.00,YER
A_YER_rate_doc_mismatch,2-مبيع:5217,2020-11-30,YER,0.004545,104.5500,35000.0000,35000.00,YER
A_YER_rate_doc_mismatch,2-مبيع:522,2020-03-25,YER,0.005710,513.9000,176000.0000,176000.00,YER
A_YER_rate_doc_mismatch,2-مبيع:52292,2025-07-20,YER,0.001540,127.8200,133000.0000,133000.00,YER
A_YER_rate_doc_mismatch,2-مبيع:52296,2025-07-20,YER,0.002340,84.2400,62000.0000,62000.00,YER
A_YER_rate_doc_mismatch,2-مبيع:52343,2025-07-22,YER,0.001540,308.0000,390000.0000,390000.00,YER
A_YER_rate_doc_mismatch,2-مبيع:52348,2025-07-22,YER,0.001540,246.4000,300000.0000,300000.00,YER
A_YER_rate_doc_mismatch,2-مبيع:52404,2025-07-24,YER,0.001540,169.4000,210000.0000,210000.00,YER
A_YER_rate_doc_mismatch,2-مبيع:52425,2025-07-25,YER,0.002340,124.0200,66000.0000,66000.00,YER
A_YER_rate_doc_mismatch,2-مبيع:52528,2025-07-29,YER,0.001540,133.9800,167000.0000,167000.00,YER
A_YER_rate_doc_mismatch,2-مبيع:5253,2020-12-01,YER,0.004545,436.3600,136000.0000,136000.00,YER
A_YER_rate_doc_mismatch,2-مبيع:52546,2025-07-30,YER,0.002340,140.4000,90000.0000,90000.00,YER
A_YER_rate_doc_mismatch,2-مبيع:52567,2025-07-30,YER,0.001540,92.4000,110000.0000,110000.00,YER
A_YER_rate_doc_mismatch,2-مبيع:52636,2025-08-02,YER,0.001540,107.8000,110000.0000,110000.00,YER
A_YER_rate_doc_mismatch,2-مبيع:52776,2025-08-10,YER,0.002000,62.0000,56000.0000,56000.00,YER
A_YER_rate_doc_mismatch,2-مبيع:52941,2025-08-11,YER,0.002000,56.0000,43000.0000,43000.00,YER
A_YER_rate_doc_mismatch,2-مبيع:52980,2025-08-13,YER,0.002000,32.0000,27000.0000,27000.00,YER
A_YER_rate_doc_mismatch,2-مبيع:52982,2025-08-13,YER,0.002000,104.0000,76000.0000,76000.00,YER
A_YER_rate_doc_mismatch,2-مبيع:53010,2025-08-13,YER,0.002000,104.0000,84000.0000,84000.00,YER
A_YER_rate_doc_mismatch,2-مبيع:53056,2025-08-14,YER,0.002000,94.0000,77000.0000,77000.00,YER
A_YER_rate_doc_mismatch,2-مبيع:53063,2025-08-15,YER,0.002000,40.0000,45000.0000,45000.00,YER
A_YER_rate_doc_mismatch,2-مبيع:53096,2025-08-15,YER,0.002000,128.0000,119000.0000,119000.00,YER
A_YER_rate_doc_mismatch,2-مبيع:53098,2025-08-16,YER,0.002000,137.0000,118500.0000,118500.00,YER
A_YER_rate_doc_mismatch,2-مبيع:5310,2020-12-03,YER,0.004545,159.0900,50000.0000,50000.00,YER
A_YER_rate_doc_mismatch,2-مبيع:53165,2025-08-17,YER,0.002000,64.0000,54000.0000,54000.00,YER
A_YER_rate_doc_mismatch,2-مبيع:53198,2025-08-19,YER,0.002000,494.0000,460000.0000,460000.00,YER
A_YER_rate_doc_mismatch,2-مبيع:53261,2025-08-22,YER,0.002000,130.0000,100000.0000,100000.00,YER
A_YER_rate_doc_mismatch,2-مبيع:53314,2025-08-23,YER,0.002000,112.0000,94000.0000,94000.00,YER
A_YER_rate_doc_mismatch,2-مبيع:5336,2020-12-03,YER,0.004545,90.9100,35000.0000,35000.00,YER
A_YER_rate_doc_mismatch,2-مبيع:5346,2020-12-04,YER,0.004545,995.4500,359000.0000,359000.00,YER
A_YER_rate_doc_mismatch,2-مبيع:53493,2025-08-27,YER,0.002000,80.0000,60000.0000,60000.00,YER
A_YER_rate_doc_mismatch,2-مبيع:53517,2025-08-28,YER,0.002000,40.0000,26000.0000,26000.00,YER
A_YER_rate_doc_mismatch,2-مبيع:53536,2025-08-28,YER,0.002000,51.0000,45500.0000,45500.00,YER
A_YER_rate_doc_mismatch,2-مبيع:5359,2020-12-05,YER,0.004545,209.0900,48000.0000,48000.00,YER
A_YER_rate_doc_mismatch,2-مبيع:5360,2020-12-05,YER,0.004545,793.1800,322500.0000,322500.00,YER
A_YER_rate_doc_mismatch,2-مبيع:53639,2025-08-31,YER,0.002000,516.0000,480500.0000,480500.00,YER
A_YER_rate_doc_mismatch,2-مبيع:53669,2025-09-01,YER,0.002000,50.0000,40000.0000,40000.00,YER
A_YER_rate_doc_mismatch,2-مبيع:53736,2025-09-03,YER,0.002000,256.8000,178800.0000,178800.00,YER
A_YER_rate_doc_mismatch,2-مبيع:53789,2025-09-05,YER,0.002000,100.0000,80000.0000,80000.00,YER
A_YER_rate_doc_mismatch,2-مبيع:53801,2025-09-05,YER,0.002000,100.0000,70000.0000,70000.00,YER
A_YER_rate_doc_mismatch,2-مبيع:53835,2025-09-06,YER,0.002340,117.0000,82000.0000,82000.00,YER
A_YER_rate_doc_mismatch,2-مبيع:53869,2025-09-07,YER,0.002340,128.7000,97000.0000,97000.00,YER
A_YER_rate_doc_mismatch,2-مبيع:5389,2020-12-05,YER,0.004545,150.0000,56000.0000,56000.00,YER
A_YER_rate_doc_mismatch,2-مبيع:5391,2020-12-05,YER,0.004545,90.9100,38500.0000,38500.00,YER
A_YER_rate_doc_mismatch,2-مبيع:53930,2025-09-09,YER,0.002340,684.4500,376500.0000,376500.00,YER
A_YER_rate_doc_mismatch,2-مبيع:5402,2020-12-06,YER,0.004545,454.5500,105000.0000,105000.00,YER
A_YER_rate_doc_mismatch,2-مبيع:54067,2025-09-14,YER,0.002340,117.0000,90000.0000,90000.00,YER
A_YER_rate_doc_mismatch,2-مبيع:54078,2025-09-14,YER,0.002340,231.6600,188000.0000,188000.00,YER
A_YER_rate_doc_mismatch,2-مبيع:5408,2020-12-06,YER,0.004545,272.7300,85000.0000,85000.00,YER
A_YER_rate_doc_mismatch,2-مبيع:54111,2025-09-15,YER,0.002340,292.5000,225000.0000,225000.00,YER
A_YER_rate_doc_mismatch,2-مبيع:54262,2025-09-18,YER,0.002340,112.3200,89000.0000,89000.00,YER
A_YER_rate_doc_mismatch,2-مبيع:54353,2025-09-21,YER,0.002340,63.1800,37000.0000,37000.00,YER
A_YER_rate_doc_mismatch,2-مبيع:5437,2020-12-07,YER,0.004545,54.5500,17500.0000,17500.00,YER
A_YER_rate_doc_mismatch,2-مبيع:54380,2025-09-22,YER,0.002340,56.1600,39000.0000,39000.00,YER
A_YER_rate_doc_mismatch,2-مبيع:54522,2025-09-27,YER,0.002340,168.4800,114000.0000,114000.00,YER
A_YER_rate_doc_mismatch,2-مبيع:54530,2025-09-27,YER,0.002340,152.1000,120000.0000,120000.00,YER
A_YER_rate_doc_mismatch,2-مبيع:54544,2025-09-27,YER,0.002340,58.5000,45000.0000,45000.00,YER
A_YER_rate_doc_mismatch,2-مبيع:546,2020-03-28,YER,0.005710,51.3900,13500.0000,13500.00,YER
A_YER_rate_doc_mismatch,2-مبيع:54690,2025-10-01,YER,0.002340,198.9000,100000.0000,100000.00,YER
A_YER_rate_doc_mismatch,2-مبيع:547,2020-03-28,YER,0.005710,39.9700,14000.0000,14000.00,YER
A_YER_rate_doc_mismatch,2-مبيع:54704,2025-10-02,YER,0.002340,98.2800,52000.0000,52000.00,YER
A_YER_rate_doc_mismatch,2-مبيع:54719,2025-10-02,YER,0.002340,229.3200,128000.0000,128000.00,YER
A_YER_rate_doc_mismatch,2-مبيع:5477,2020-12-08,YER,0.004545,145.4500,55000.0000,55000.00,YER
A_YER_rate_doc_mismatch,2-مبيع:54917,2025-10-09,YER,0.002340,49.1400,36000.0000,36000.00,YER
A_YER_rate_doc_mismatch,2-مبيع:54995,2025-10-11,YER,0.002340,35.1000,25000.0000,25000.00,YER
A_YER_rate_doc_mismatch,2-مبيع:55033,2025-10-12,YER,0.002340,397.8000,200000.0000,200000.00,YER
A_YER_rate_doc_mismatch,2-مبيع:5505,2020-12-09,YER,0.004545,345.4500,152000.0000,152000.00,YER
A_YER_rate_doc_mismatch,2-مبيع:55198,2025-10-18,YER,0.002340,88.9200,48000.0000,48000.00,YER
A_YER_rate_doc_mismatch,2-مبيع:55200,2025-10-18,YER,0.002340,210.6000,130000.0000,130000.00,YER
A_YER_rate_doc_mismatch,2-مبيع:55236,2025-10-19,YER,0.002340,67.8600,49000.0000,49000.00,YER
A_YER_rate_doc_mismatch,2-مبيع:5528,2020-12-10,YER,0.004167,37.5000,10000.0000,10000.00,YER
A_YER_rate_doc_mismatch,2-مبيع:5539,2020-12-11,YER,0.004167,200.0200,51000.0000,51000.00,YER
A_YER_rate_doc_mismatch,2-مبيع:5540,2020-12-11,YER,0.004167,45.8400,15000.0000,15000.00,YER
A_YER_rate_doc_mismatch,2-مبيع:5542,2020-12-11,YER,0.004167,333.3600,90000.0000,90000.00,YER
A_YER_rate_doc_mismatch,2-مبيع:55435,2025-10-26,YER,0.002340,444.6000,360000.0000,360000.00,YER
A_YER_rate_doc_mismatch,2-مبيع:55442,2025-10-26,YER,0.002340,250.3800,167000.0000,167000.00,YER
A_YER_rate_doc_mismatch,2-مبيع:555,2020-03-28,YER,0.005710,34.2600,9000.0000,9000.00,YER
A_YER_rate_doc_mismatch,2-مبيع:55516,2025-10-28,YER,0.002340,44.4600,29000.0000,29000.00,YER
A_YER_rate_doc_mismatch,2-مبيع:55524,2025-10-28,YER,0.002340,73.7100,79000.0000,79000.00,YER
A_YER_rate_doc_mismatch,2-مبيع:55646,2025-11-02,YER,0.002340,98.2800,66000.0000,66000.00,YER
A_YER_rate_doc_mismatch,2-مبيع:55647,2025-11-02,YER,0.002340,117.0000,80000.0000,80000.00,YER
A_YER_rate_doc_mismatch,2-مبيع:55675,2025-11-02,YER,0.002340,46.8000,30000.0000,30000.00,YER
A_YER_rate_doc_mismatch,2-مبيع:558,2020-03-28,YER,0.005710,34.2600,10000.0000,10000.00,YER
A_YER_rate_doc_mismatch,2-مبيع:55805,2025-11-07,YER,0.002340,56.1600,33000.0000,33000.00,YER
A_YER_rate_doc_mismatch,2-مبيع:55856,2025-11-08,YER,0.002340,102.9600,60000.0000,60000.00,YER
A_YER_rate_doc_mismatch,2-مبيع:5587,2020-12-13,YER,0.004167,83.3400,36000.0000,36000.00,YER
A_YER_rate_doc_mismatch,2-مبيع:55877,2025-11-09,YER,0.002340,147.4200,89000.0000,89000.00,YER
A_YER_rate_doc_mismatch,2-مبيع:55937,2025-11-11,YER,0.002340,88.9200,48000.0000,48000.00,YER
A_YER_rate_doc_mismatch,2-مبيع:5594,2020-12-13,YER,0.004167,285.4400,88500.0000,88500.00,YER
A_YER_rate_doc_mismatch,2-مبيع:55967,2025-11-11,YER,0.002340,30.4200,23000.0000,23000.00,YER
A_YER_rate_doc_mismatch,2-مبيع:56017,2025-11-13,YER,0.002340,526.5000,475000.0000,475000.00,YER
A_YER_rate_doc_mismatch,2-مبيع:56062,2025-11-15,YER,0.002340,140.4000,100000.0000,100000.00,YER
A_YER_rate_doc_mismatch,2-مبيع:56111,2025-11-16,YER,0.002340,234.0000,150000.0000,150000.00,YER
A_YER_rate_doc_mismatch,2-مبيع:56158,2025-11-17,YER,0.002340,99.4500,73500.0000,73500.00,YER
A_YER_rate_doc_mismatch,2-مبيع:56235,2025-11-21,YER,0.002340,807.3000,425000.0000,425000.00,YER
A_YER_rate_doc_mismatch,2-مبيع:56253,2025-11-22,YER,0.002340,198.9000,155000.0000,155000.00,YER
A_YER_rate_doc_mismatch,2-مبيع:5629,2020-12-15,YER,0.004167,191.6800,79000.0000,79000.00,YER
A_YER_rate_doc_mismatch,2-مبيع:56338,2025-11-25,YER,0.002340,149.7600,84000.0000,84000.00,YER
A_YER_rate_doc_mismatch,2-مبيع:5634,2020-12-15,YER,0.004167,54.1700,17000.0000,17000.00,YER
A_YER_rate_doc_mismatch,2-مبيع:5637,2020-12-15,YER,0.004167,10.4200,16500.0000,16500.00,YER
A_YER_rate_doc_mismatch,2-مبيع:56387,2025-11-26,YER,0.002340,276.1200,201000.0000,201000.00,YER
A_YER_rate_doc_mismatch,2-مبيع:56466,2025-11-29,YER,0.002340,28.0800,18000.0000,18000.00,YER
A_YER_rate_doc_mismatch,2-مبيع:56488,2025-11-29,YER,0.002340,119.3400,88000.0000,88000.00,YER
A_YER_rate_doc_mismatch,2-مبيع:56512,2025-11-30,YER,0.002340,46.8000,32000.0000,32000.00,YER
A_YER_rate_doc_mismatch,2-مبيع:56527,2025-12-01,YER,0.002340,58.5000,45000.0000,45000.00,YER
A_YER_rate_doc_mismatch,2-مبيع:566,2020-03-29,YER,0.005710,162.7400,45500.0000,45500.00,YER
A_YER_rate_doc_mismatch,2-مبيع:5672,2020-12-16,YER,0.004167,750.0600,183000.0000,183000.00,YER
A_YER_rate_doc_mismatch,2-مبيع:56768,2025-12-09,YER,0.002340,99.4500,62500.0000,62500.00,YER
A_YER_rate_doc_mismatch,2-مبيع:56780,2025-12-10,YER,0.002340,54.0500,31100.0000,31100.00,YER
A_YER_rate_doc_mismatch,2-مبيع:56804,2025-12-11,YER,0.002340,81.9000,50000.0000,50000.00,YER
A_YER_rate_doc_mismatch,2-مبيع:56937,2025-12-16,YER,0.002340,477.3600,304000.0000,304000.00,YER
A_YER_rate_doc_mismatch,2-مبيع:56970,2025-12-17,YER,0.002340,81.9000,55000.0000,55000.00,YER
A_YER_rate_doc_mismatch,2-مبيع:56971,2025-12-17,YER,0.002340,23.4000,12000.0000,12000.00,YER
A_YER_rate_doc_mismatch,2-مبيع:570,2020-03-29,YER,0.005710,37.1200,8000.0000,8000.00,YER
A_YER_rate_doc_mismatch,2-مبيع:57077,2025-12-20,YER,0.002340,70.2000,43000.0000,43000.00,YER
A_YER_rate_doc_mismatch,2-مبيع:5710,2020-12-17,YER,0.004167,125.0100,55000.0000,55000.00,YER
A_YER_rate_doc_mismatch,2-مبيع:57143,2025-12-22,YER,0.002340,65.5200,48000.0000,48000.00,YER
A_YER_rate_doc_mismatch,2-مبيع:5718,2020-12-18,YER,0.004167,156.2600,56500.0000,56500.00,YER
A_YER_rate_doc_mismatch,2-مبيع:57216,2025-12-24,YER,0.002340,46.8000,33000.0000,33000.00,YER
A_YER_rate_doc_mismatch,2-مبيع:57308,2025-12-28,YER,0.002340,74.8800,43000.0000,43000.00,YER
A_YER_rate_doc_mismatch,2-مبيع:5741,2020-12-19,YER,0.004167,75.0100,32000.0000,32000.00,YER
A_YER_rate_doc_mismatch,2-مبيع:57462,2026-01-01,YER,0.002220,26.6400,16000.0000,16000.00,YER
A_YER_rate_doc_mismatch,2-مبيع:57558,2026-01-07,YER,0.002220,155.4000,120000.0000,120000.00,YER
A_YER_rate_doc_mismatch,2-مبيع:57592,2026-01-08,YER,0.002220,341.8800,330000.0000,330000.00,YER
A_YER_rate_doc_mismatch,2-مبيع:576,2020-03-30,YER,0.005710,456.8000,128000.0000,128000.00,YER
A_YER_rate_doc_mismatch,2-مبيع:57621,2026-01-10,YER,0.002220,88.8000,70000.0000,70000.00,YER
A_YER_rate_doc_mismatch,2-مبيع:57654,2026-01-11,YER,0.002220,106.5600,77000.0000,77000.00,YER
A_YER_rate_doc_mismatch,2-مبيع:57681,2026-01-12,YER,0.002220,366.3000,210000.0000,210000.00,YER
A_YER_rate_doc_mismatch,2-مبيع:5777,2020-12-21,YER,0.004167,70.8400,27000.0000,27000.00,YER
A_YER_rate_doc_mismatch,2-مبيع:5781,2020-12-21,YER,0.004167,212.5200,62000.0000,62000.00,YER
A_YER_rate_doc_mismatch,2-مبيع:57828,2026-01-19,YER,0.002220,66.6000,50000.0000,50000.00,YER
A_YER_rate_doc_mismatch,2-مبيع:57861,2026-01-21,YER,0.002220,233.1000,167000.0000,167000.00,YER
A_YER_rate_doc_mismatch,2-مبيع:57926,2026-01-23,YER,0.002220,111.0000,90000.0000,90000.00,YER
A_YER_rate_doc_mismatch,2-مبيع:57966,2026-01-25,YER,0.002220,75.4800,59000.0000,59000.00,YER
A_YER_rate_doc_mismatch,2-مبيع:5797,2020-12-22,YER,0.004167,145.8400,63000.0000,63000.00,YER
A_YER_rate_doc_mismatch,2-مبيع:58010,2026-01-26,YER,0.002220,162.0600,123000.0000,123000.00,YER
A_YER_rate_doc_mismatch,2-مبيع:5809,2020-12-23,YER,0.004167,79.1700,26000.0000,26000.00,YER
A_YER_rate_doc_mismatch,2-مبيع:5821,2020-12-23,YER,0.004167,187.5100,65000.0000,65000.00,YER
A_YER_rate_doc_mismatch,2-مبيع:5822,2020-12-23,YER,0.004167,166.6800,70000.0000,70000.00,YER
A_YER_rate_doc_mismatch,2-مبيع:5826,2020-12-23,YER,0.004167,147.9300,55500.0000,55500.00,YER
A_YER_rate_doc_mismatch,2-مبيع:5827,2020-12-23,YER,0.004167,229.1900,98200.0000,98200.00,YER
A_YER_rate_doc_mismatch,2-مبيع:58286,2026-02-02,YER,0.002220,179.8200,131000.0000,131000.00,YER
A_YER_rate_doc_mismatch,2-مبيع:583,2020-03-30,YER,0.005710,28.5500,7000.0000,7000.00,YER
A_YER_rate_doc_mismatch,2-مبيع:58397,2026-02-10,YER,0.002220,57.7200,41500.0000,41500.00,YER
A_YER_rate_doc_mismatch,2-مبيع:58401,2026-02-10,YER,0.002220,66.6000,40000.0000,40000.00,YER
A_YER_rate_doc_mismatch,2-مبيع:58405,2026-02-11,YER,0.002220,37.7400,27000.0000,27000.00,YER
A_YER_rate_doc_mismatch,2-مبيع:58500,2026-02-14,YER,0.002220,222.0000,165000.0000,165000.00,YER
A_YER_rate_doc_mismatch,2-مبيع:58555,2026-02-16,YER,0.002220,77.7000,45000.0000,45000.00,YER
A_YER_rate_doc_mismatch,2-مبيع:5857,2020-12-25,YER,0.004167,20.8300,12000.0000,12000.00,YER
A_YER_rate_doc_mismatch,2-مبيع:58573,2026-02-17,YER,0.002220,390.7200,282000.0000,282000.00,YER
A_YER_rate_doc_mismatch,2-مبيع:58582,2026-02-17,YER,0.002220,108.7800,67000.0000,67000.00,YER
A_YER_rate_doc_mismatch,2-مبيع:58599,2026-02-18,YER,0.002220,276.3900,224500.0000,224500.00,YER
A_YER_rate_doc_mismatch,2-مبيع:58620,2026-02-19,YER,0.002220,144.3000,90000.0000,90000.00,YER
A_YER_rate_doc_mismatch,2-مبيع:58643,2026-02-20,YER,0.002220,182.0400,113000.0000,113000.00,YER
A_YER_rate_doc_mismatch,2-مبيع:58674,2026-02-22,YER,0.002220,54.3900,34000.0000,34000.00,YER
A_YER_rate_doc_mismatch,2-مبيع:58854,2026-03-02,YER,0.002220,55.5000,35000.0000,35000.00,YER
A_YER_rate_doc_mismatch,2-مبيع:58875,2026-03-03,YER,0.002220,912.4200,556000.0000,556000.00,YER
A_YER_rate_doc_mismatch,2-مبيع:5891,2020-12-27,YER,0.004167,116.6800,35000.0000,35000.00,YER
A_YER_rate_doc_mismatch,2-مبيع:5892,2020-12-27,YER,0.004167,425.0300,104000.0000,104000.00,YER
A_YER_rate_doc_mismatch,2-مبيع:58943,2026-03-05,YER,0.002220,26.6400,20500.0000,20500.00,YER
A_YER_rate_doc_mismatch,2-مبيع:58948,2026-03-06,YER,0.002220,73.2600,45000.0000,45000.00,YER
A_YER_rate_doc_mismatch,2-مبيع:58969,2026-03-06,YER,0.002220,16.6500,26500.0000,26500.00,YER
A_YER_rate_doc_mismatch,2-مبيع:59064,2026-03-10,YER,0.002220,144.3000,145000.0000,145000.00,YER
A_YER_rate_doc_mismatch,2-مبيع:5911,2020-12-28,YER,0.004167,100.0100,42000.0000,42000.00,YER
A_YER_rate_doc_mismatch,2-مبيع:5913,2020-12-28,YER,0.004545,267.7300,60800.0000,60800.00,YER
A_YER_rate_doc_mismatch,2-مبيع:59225,2026-03-16,YER,0.002220,77.7000,50000.0000,50000.00,YER
A_YER_rate_doc_mismatch,2-مبيع:59295,2026-03-19,YER,0.002220,88.8000,70000.0000,70000.00,YER
A_YER_rate_doc_mismatch,2-مبيع:5931,2020-12-29,YER,0.004167,50.0000,20000.0000,20000.00,YER
A_YER_rate_doc_mismatch,2-مبيع:59316,2026-03-24,YER,0.002220,26.6400,19000.0000,19000.00,YER
A_YER_rate_doc_mismatch,2-مبيع:59348,2026-03-25,YER,0.002220,155.4000,120000.0000,120000.00,YER
A_YER_rate_doc_mismatch,2-مبيع:5936,2020-12-29,YER,0.004167,47.9200,16000.0000,16000.00,YER
A_YER_rate_doc_mismatch,2-مبيع:59362,2026-03-26,YER,0.002220,111.0000,75000.0000,75000.00,YER
A_YER_rate_doc_mismatch,2-مبيع:59402,2026-03-27,YER,0.002220,155.4000,125000.0000,125000.00,YER
A_YER_rate_doc_mismatch,2-مبيع:59502,2026-03-31,YER,0.002220,210.9000,160000.0000,160000.00,YER
A_YER_rate_doc_mismatch,2-مبيع:59549,2026-04-01,YER,0.002220,71.0400,52000.0000,52000.00,YER
A_YER_rate_doc_mismatch,2-مبيع:5955,2020-12-30,YER,0.004167,275.0200,96000.0000,96000.00,YER
A_YER_rate_doc_mismatch,2-مبيع:59570,2026-04-02,YER,0.002220,39.9600,28000.0000,28000.00,YER
A_YER_rate_doc_mismatch,2-مبيع:5958,2020-12-30,YER,0.004167,20.8300,9000.0000,9000.00,YER
A_YER_rate_doc_mismatch,2-مبيع:59597,2026-04-03,YER,0.002220,88.8000,140000.0000,140000.00,YER
A_YER_rate_doc_mismatch,2-مبيع:5961,2020-12-30,YER,0.004167,20.8300,7000.0000,7000.00,YER
A_YER_rate_doc_mismatch,2-مبيع:5967,2020-12-30,YER,0.004167,158.3500,73000.0000,73000.00,YER
A_YER_rate_doc_mismatch,2-مبيع:59680,2026-04-06,YER,0.002220,66.6000,55000.0000,55000.00,YER
A_YER_rate_doc_mismatch,2-مبيع:59687,2026-04-06,YER,0.002220,44.4000,30000.0000,30000.00,YER
A_YER_rate_doc_mismatch,2-مبيع:5972,2020-12-31,YER,0.004348,165.2200,49000.0000,49000.00,YER
A_YER_rate_doc_mismatch,2-مبيع:59739,2026-04-08,YER,0.002220,155.4000,120000.0000,120000.00,YER
A_YER_rate_doc_mismatch,2-مبيع:5980,2020-12-31,YER,0.004348,995.6900,233000.0000,233000.00,YER
A_YER_rate_doc_mismatch,2-مبيع:59815,2026-04-11,YER,0.002220,88.8000,55000.0000,55000.00,YER
A_YER_rate_doc_mismatch,2-مبيع:59823,2026-04-11,YER,0.002220,115.4400,92000.0000,92000.00,YER
A_YER_rate_doc_mismatch,2-مبيع:5983,2020-12-31,YER,0.004348,152.1800,55000.0000,55000.00,YER
A_YER_rate_doc_mismatch,2-مبيع:59830,2026-04-12,YER,0.002220,461.7600,228000.0000,228000.00,YER
A_YER_rate_doc_mismatch,2-مبيع:59847,2026-04-12,YER,0.002220,88.8000,60000.0000,60000.00,YER
A_YER_rate_doc_mismatch,2-مبيع:5985,2020-12-31,YER,0.004348,778.2900,183000.0000,183000.00,YER
A_YER_rate_doc_mismatch,2-مبيع:59881,2026-04-13,YER,0.002220,153.1800,99000.0000,99000.00,YER
A_YER_rate_doc_mismatch,2-مبيع:59912,2026-04-14,YER,0.002220,310.8000,240000.0000,240000.00,YER
A_YER_rate_doc_mismatch,2-مبيع:59980,2026-04-17,YER,0.002220,466.2000,310000.0000,310000.00,YER
A_YER_rate_doc_mismatch,2-مبيع:60038,2026-04-19,YER,0.002220,71.0400,55000.0000,55000.00,YER
A_YER_rate_doc_mismatch,2-مبيع:6009,2021-01-02,YER,0.004348,165.2200,53000.0000,53000.00,YER
A_YER_rate_doc_mismatch,2-مبيع:60099,2026-04-21,YER,0.002220,88.8000,64000.0000,64000.00,YER
A_YER_rate_doc_mismatch,2-مبيع:6013,2021-01-02,YER,0.004348,234.7900,81000.0000,81000.00,YER
A_YER_rate_doc_mismatch,2-مبيع:60149,2026-04-23,YER,0.002220,66.6000,50000.0000,50000.00,YER
A_YER_rate_doc_mismatch,2-مبيع:6018,2021-01-02,YER,0.004348,371.7500,115500.0000,115500.00,YER
A_YER_rate_doc_mismatch,2-مبيع:60284,2026-04-28,YER,0.002220,253.0800,137000.0000,137000.00,YER
A_YER_rate_doc_mismatch,2-مبيع:60298,2026-04-28,YER,0.002220,261.9600,225000.0000,225000.00,YER
A_YER_rate_doc_mismatch,2-مبيع:6030,2021-01-03,YER,0.004348,130.4400,41000.0000,41000.00,YER
A_YER_rate_doc_mismatch,2-مبيع:60334,2026-04-30,YER,0.002220,621.6000,475000.0000,475000.00,YER
A_YER_rate_doc_mismatch,2-مبيع:6039,2021-01-03,YER,0.004348,304.3600,126000.0000,126000.00,YER
A_YER_rate_doc_mismatch,2-مبيع:60407,2026-05-02,YER,0.002220,177.6000,140000.0000,140000.00,YER
A_YER_rate_doc_mismatch,2-مبيع:60486,2026-05-05,YER,0.002220,139.8600,103000.0000,103000.00,YER
A_YER_rate_doc_mismatch,2-مبيع:60540,2026-05-08,YER,0.002220,281.0500,143200.0000,143200.00,YER
A_YER_rate_doc_mismatch,2-مبيع:6063,2021-01-04,YER,0.004348,621.7600,146000.0000,146000.00,YER
A_YER_rate_doc_mismatch,2-مبيع:6067,2021-01-04,YER,0.004348,8.7000,3000.0000,3000.00,YER
A_YER_rate_doc_mismatch,2-مبيع:6079,2021-01-04,YER,0.004348,52.1800,18000.0000,18000.00,YER
A_YER_rate_doc_mismatch,2-مبيع:60807,2026-05-17,YER,0.002220,355.2000,220000.0000,220000.00,YER
A_YER_rate_doc_mismatch,2-مبيع:60899,2026-05-20,YER,0.002220,284.1600,178000.0000,178000.00,YER
A_YER_rate_doc_mismatch,2-مبيع:60933,2026-05-21,YER,0.002220,124.3200,64000.0000,64000.00,YER
A_YER_rate_doc_mismatch,2-مبيع:61015,2026-05-24,YER,0.002220,119.8800,74000.0000,74000.00,YER
A_YER_rate_doc_mismatch,2-مبيع:61039,2026-05-24,YER,0.002220,35.5200,24000.0000,24000.00,YER
A_YER_rate_doc_mismatch,2-مبيع:61047,2026-05-25,YER,0.002220,288.6000,230000.0000,230000.00,YER
A_YER_rate_doc_mismatch,2-مبيع:61089,2026-05-26,YER,0.002220,326.3400,247000.0000,247000.00,YER
A_YER_rate_doc_mismatch,2-مبيع:61099,2026-05-30,YER,0.002220,88.8000,120000.0000,120000.00,YER
A_YER_rate_doc_mismatch,2-مبيع:61101,2026-05-30,YER,0.002220,66.6000,40000.0000,40000.00,YER
A_YER_rate_doc_mismatch,2-مبيع:61106,2026-05-30,YER,0.002220,77.7000,60000.0000,60000.00,YER
A_YER_rate_doc_mismatch,2-مبيع:6113,2021-01-05,YER,0.004348,156.5300,67000.0000,67000.00,YER
A_YER_rate_doc_mismatch,2-مبيع:61130,2026-05-31,YER,0.002220,155.4000,130000.0000,130000.00,YER
A_YER_rate_doc_mismatch,2-مبيع:6118,2021-01-06,YER,0.004348,130.4400,45000.0000,45000.00,YER
A_YER_rate_doc_mismatch,2-مبيع:6122,2021-01-06,YER,0.004348,284.7900,67000.0000,67000.00,YER
A_YER_rate_doc_mismatch,2-مبيع:61246,2026-06-04,YER,0.002220,71.0400,57000.0000,57000.00,YER
A_YER_rate_doc_mismatch,2-مبيع:61249,2026-06-05,YER,0.002220,954.6000,572000.0000,572000.00,YER
A_YER_rate_doc_mismatch,2-مبيع:61311,2026-06-07,YER,0.002220,133.2000,112000.0000,112000.00,YER
A_YER_rate_doc_mismatch,2-مبيع:6135,2021-01-06,YER,0.004348,295.6600,72000.0000,72000.00,YER
A_YER_rate_doc_mismatch,2-مبيع:61372,2026-06-09,YER,0.002220,33.3000,25000.0000,25000.00,YER
A_YER_rate_doc_mismatch,2-مبيع:6139,2021-01-06,YER,0.004348,535.6700,126400.0000,126400.00,YER
A_YER_rate_doc_mismatch,2-مبيع:61408,2026-06-10,YER,0.002220,118.6600,63450.0000,63450.00,YER
A_YER_rate_doc_mismatch,2-مبيع:61456,2026-06-13,YER,0.002220,88.8000,55000.0000,55000.00,YER
A_YER_rate_doc_mismatch,2-مبيع:61507,2026-06-15,YER,0.002220,49.9500,35000.0000,35000.00,YER
A_YER_rate_doc_mismatch,2-مبيع:61549,2026-06-16,YER,0.002220,106.5600,88000.0000,88000.00,YER
A_YER_rate_doc_mismatch,2-مبيع:61627,2026-06-20,YER,0.002220,153.1800,119000.0000,119000.00,YER
A_YER_rate_doc_mismatch,2-مبيع:61636,2026-06-20,YER,0.002220,99.9000,75000.0000,75000.00,YER
A_YER_rate_doc_mismatch,2-مبيع:61639,2026-06-20,YER,0.002220,115.4400,92000.0000,92000.00,YER
A_YER_rate_doc_mismatch,2-مبيع:61643,2026-06-21,YER,0.002220,111.0000,85000.0000,85000.00,YER
A_YER_rate_doc_mismatch,2-مبيع:61645,2026-06-21,YER,0.002220,144.9700,85300.0000,85300.00,YER
A_YER_rate_doc_mismatch,2-مبيع:6167,2021-01-07,YER,0.004348,47.8300,17000.0000,17000.00,YER
A_YER_rate_doc_mismatch,2-مبيع:6169,2021-01-07,YER,0.004348,304.3600,75000.0000,75000.00,YER
A_YER_rate_doc_mismatch,2-مبيع:6182,2021-01-08,YER,0.004348,330.4500,78000.0000,78000.00,YER
A_YER_rate_doc_mismatch,2-مبيع:61830,2026-06-26,YER,0.002220,88.8000,65500.0000,65500.00,YER
A_YER_rate_doc_mismatch,2-مبيع:61879,2026-06-28,YER,0.002220,399.6000,300000.0000,300000.00,YER
A_YER_rate_doc_mismatch,2-مبيع:61933,2026-06-30,YER,0.002220,111.0000,125000.0000,125000.00,YER
A_YER_rate_doc_mismatch,2-مبيع:62142,2026-07-08,YER,0.002220,386.2800,274000.0000,274000.00,YER
A_YER_rate_doc_mismatch,2-مبيع:62208,2026-07-09,YER,0.002220,66.6000,44000.0000,44000.00,YER
A_YER_rate_doc_mismatch,2-مبيع:62243,2026-07-11,YER,0.002220,77.7000,65000.0000,65000.00,YER
A_YER_rate_doc_mismatch,2-مبيع:6225,2021-01-09,YER,0.004348,186.9600,83000.0000,83000.00,YER
A_YER_rate_doc_mismatch,2-مبيع:62280,2026-07-13,YER,0.002220,184.2600,153000.0000,153000.00,YER
A_YER_rate_doc_mismatch,2-مبيع:62287,2026-07-13,YER,0.002220,133.2000,90000.0000,90000.00,YER
A_YER_rate_doc_mismatch,2-مبيع:62359,2026-07-15,YER,0.002220,133.2000,100000.0000,100000.00,YER
A_YER_rate_doc_mismatch,2-مبيع:6240,2021-01-10,YER,0.004348,191.3100,84000.0000,84000.00,YER
A_YER_rate_doc_mismatch,2-مبيع:62456,2026-07-18,YER,0.002220,199.8000,130000.0000,130000.00,YER
A_YER_rate_doc_mismatch,2-مبيع:62482,2026-07-16,YER,0.002220,241.2000,178650.0000,178650.00,YER
A_YER_rate_doc_mismatch,2-مبيع:62497,2026-07-17,YER,0.002220,175.3800,109000.0000,109000.00,YER
A_YER_rate_doc_mismatch,2-مبيع:62499,2026-07-20,YER,0.002220,73.2600,53000.0000,53000.00,YER
A_YER_rate_doc_mismatch,2-مبيع:625,2020-04-02,YER,0.005710,296.9200,56000.0000,56000.00,YER
A_YER_rate_doc_mismatch,2-مبيع:62515,2026-07-20,YER,0.002220,116.5500,72500.0000,72500.00,YER
A_YER_rate_doc_mismatch,2-مبيع:6260,2021-01-11,YER,0.004348,123.9200,51500.0000,51500.00,YER
A_YER_rate_doc_mismatch,2-مبيع:6266,2021-01-11,YER,0.004348,278.2700,88000.0000,88000.00,YER
A_YER_rate_doc_mismatch,2-مبيع:62739,2026-07-27,YER,0.002220,59.9400,47000.0000,47000.00,YER
A_YER_rate_doc_mismatch,2-مبيع:6274,2021-01-11,YER,0.004348,152.1800,55000.0000,55000.00,YER
A_YER_rate_doc_mismatch,2-مبيع:62786,2026-07-28,YER,0.002220,44.4000,40000.0000,40000.00,YER
A_YER_rate_doc_mismatch,2-مبيع:6282,2021-01-12,YER,0.004348,245.6600,106500.0000,106500.00,YER
A_YER_rate_doc_mismatch,2-مبيع:62825,2026-07-29,YER,0.002220,88.8000,60000.0000,60000.00,YER
A_YER_rate_doc_mismatch,2-مبيع:62829,2026-07-29,YER,0.002220,15.5400,11000.0000,11000.00,YER
A_YER_rate_doc_mismatch,2-مبيع:62882,2026-07-31,YER,0.002220,222.0000,180000.0000,180000.00,YER
A_YER_rate_doc_mismatch,2-مبيع:629,2020-04-02,YER,0.005710,114.2000,37500.0000,37500.00,YER
A_YER_rate_doc_mismatch,2-مبيع:62922,2026-08-01,YER,0.002220,93.6800,60200.0000,60200.00,YER
A_YER_rate_doc_mismatch,2-مبيع:6294,2021-01-12,YER,0.004348,30.4400,10000.0000,10000.00,YER
A_YER_rate_doc_mismatch,2-مبيع:6296,2021-01-12,YER,0.004348,456.5400,199000.0000,199000.00,YER
A_YER_rate_doc_mismatch,2-مبيع:62964,2026-08-03,YER,0.002220,266.4000,190000.0000,190000.00,YER
A_YER_rate_doc_mismatch,2-مبيع:62973,2026-08-03,YER,0.002220,153.1800,129000.0000,129000.00,YER
A_YER_rate_doc_mismatch,2-مبيع:63033,2026-08-06,YER,0.002220,28.8600,17500.0000,17500.00,YER
A_YER_rate_doc_mismatch,2-مبيع:63056,2026-08-06,YER,0.002220,55.5000,35000.0000,35000.00,YER
A_YER_rate_doc_mismatch,2-مبيع:6308,2021-01-13,YER,0.004348,121.7400,48000.0000,48000.00,YER
A_YER_rate_doc_mismatch,2-مبيع:63085,2026-08-07,YER,0.002220,520.1500,415300.0000,415300.00,YER
A_YER_rate_doc_mismatch,2-مبيع:63105,2026-08-08,YER,0.002220,55.5000,45000.0000,45000.00,YER
A_YER_rate_doc_mismatch,2-مبيع:63120,2026-08-09,YER,0.002220,188.7000,109000.0000,109000.00,YER
A_YER_rate_doc_mismatch,2-مبيع:63208,2026-08-11,YER,0.002220,33.3000,25000.0000,25000.00,YER
A_YER_rate_doc_mismatch,2-مبيع:63222,2026-08-12,YER,0.002220,333.0000,240000.0000,240000.00,YER
A_YER_rate_doc_mismatch,2-مبيع:6327,2021-01-13,YER,0.004348,65.2200,24000.0000,24000.00,YER
A_YER_rate_doc_mismatch,2-مبيع:63282,2026-08-14,YER,0.002220,133.2000,109000.0000,109000.00,YER
A_YER_rate_doc_mismatch,2-مبيع:63342,2026-08-16,YER,0.002220,88.8000,60000.0000,60000.00,YER
A_YER_rate_doc_mismatch,2-مبيع:63346,2026-08-16,YER,0.002220,55.5000,45000.0000,45000.00,YER
A_YER_rate_doc_mismatch,2-مبيع:63347,2026-08-16,YER,0.002220,55.5000,125000.0000,125000.00,YER
A_YER_rate_doc_mismatch,2-مبيع:63523,2026-08-23,YER,0.002220,97.6800,54000.0000,54000.00,YER
A_YER_rate_doc_mismatch,2-مبيع:63587,2026-08-24,YER,0.002220,133.2000,102000.0000,102000.00,YER
A_YER_rate_doc_mismatch,2-مبيع:63602,2026-08-25,YER,0.002220,153.1800,129000.0000,129000.00,YER
A_YER_rate_doc_mismatch,2-مبيع:63623,2026-08-25,YER,0.002220,199.8000,170000.0000,170000.00,YER
A_YER_rate_doc_mismatch,2-مبيع:63677,2026-08-28,YER,0.002220,119.8800,94000.0000,94000.00,YER
A_YER_rate_doc_mismatch,2-مبيع:63696,2026-08-28,YER,0.002220,44.4000,31000.0000,31000.00,YER
A_YER_rate_doc_mismatch,2-مبيع:637,2020-04-02,YER,0.005710,114.2000,22500.0000,22500.00,YER
A_YER_rate_doc_mismatch,2-مبيع:63711,2026-08-29,YER,0.002220,66.6000,40000.0000,40000.00,YER
A_YER_rate_doc_mismatch,2-مبيع:63727,2026-08-29,YER,0.002220,208.6800,130000.0000,130000.00,YER
A_YER_rate_doc_mismatch,2-مبيع:63764,2026-08-30,YER,0.002220,53.2800,34000.0000,34000.00,YER
A_YER_rate_doc_mismatch,2-مبيع:63769,2026-08-30,YER,0.002220,233.1000,185000.0000,185000.00,YER
A_YER_rate_doc_mismatch,2-مبيع:6377,2021-01-16,YER,0.004348,212.6200,78900.0000,78900.00,YER
A_YER_rate_doc_mismatch,2-مبيع:63797,2026-08-31,YER,0.002220,44.4000,30000.0000,30000.00,YER
A_YER_rate_doc_mismatch,2-مبيع:63805,2026-08-31,YER,0.002220,77.7000,50000.0000,50000.00,YER
A_YER_rate_doc_mismatch,2-مبيع:63815,2026-09-01,YER,0.002220,277.5000,215000.0000,215000.00,YER
A_YER_rate_doc_mismatch,2-مبيع:63853,2026-09-02,YER,0.002220,168.7200,116000.0000,116000.00,YER
A_YER_rate_doc_mismatch,2-مبيع:63936,2026-09-06,YER,0.002220,155.4000,130000.0000,130000.00,YER
A_YER_rate_doc_mismatch,2-مبيع:63937,2026-09-06,YER,0.002220,93.2400,54000.0000,54000.00,YER
A_YER_rate_doc_mismatch,2-مبيع:63982,2026-09-07,YER,0.002220,115.4400,92000.0000,92000.00,YER
A_YER_rate_doc_mismatch,2-مبيع:640,2020-04-04,YER,0.005710,571.0000,106000.0000,106000.00,YER
A_YER_rate_doc_mismatch,2-مبيع:6402,2021-01-17,YER,0.004348,156.5300,64000.0000,64000.00,YER
A_YER_rate_doc_mismatch,2-مبيع:64026,2026-09-08,YER,0.002220,28.8600,23000.0000,23000.00,YER
A_YER_rate_doc_mismatch,2-مبيع:64047,2026-09-09,YER,0.002220,44.4000,37000.0000,37000.00,YER
A_YER_rate_doc_mismatch,2-مبيع:64091,2026-09-11,YER,0.002220,84.3600,76000.0000,76000.00,YER
A_YER_rate_doc_mismatch,2-مبيع:64096,2026-09-11,YER,0.002220,166.5000,124000.0000,124000.00,YER
A_YER_rate_doc_mismatch,2-مبيع:64099,2026-09-11,YER,0.002220,177.6000,150000.0000,150000.00,YER
A_YER_rate_doc_mismatch,2-مبيع:641,2020-04-04,YER,0.005710,576.7100,141000.0000,141000.00,YER
A_YER_rate_doc_mismatch,2-مبيع:64172,2026-09-13,YER,0.002220,79.9200,66000.0000,66000.00,YER
A_YER_rate_doc_mismatch,2-مبيع:64219,2026-09-15,YER,0.002220,111.0000,71000.0000,71000.00,YER
A_YER_rate_doc_mismatch,2-مبيع:64289,2026-09-17,YER,0.002220,44.4000,30000.0000,30000.00,YER
A_YER_rate_doc_mismatch,2-مبيع:6430,2021-01-17,YER,0.004348,60.8700,24000.0000,24000.00,YER
A_YER_rate_doc_mismatch,2-مبيع:64314,2026-09-18,YER,0.002220,222.0000,150000.0000,150000.00,YER
A_YER_rate_doc_mismatch,2-مبيع:6523,2021-01-20,YER,0.004348,332.6200,135500.0000,135500.00,YER
A_YER_rate_doc_mismatch,2-مبيع:6537,2021-01-21,YER,0.004348,15.2200,5500.0000,5500.00,YER
A_YER_rate_doc_mismatch,2-مبيع:6538,2021-01-21,YER,0.004348,43.4800,16000.0000,16000.00,YER
A_YER_rate_doc_mismatch,2-مبيع:6567,2021-01-23,YER,0.004348,41.3100,37000.0000,37000.00,YER
A_YER_rate_doc_mismatch,2-مبيع:6570,2021-01-23,YER,0.004348,130.4400,50000.0000,50000.00,YER
A_YER_rate_doc_mismatch,2-مبيع:6571,2021-01-23,YER,0.004348,91.3100,31000.0000,31000.00,YER
A_YER_rate_doc_mismatch,2-مبيع:6575,2021-01-23,YER,0.004348,17.3900,6000.0000,6000.00,YER
A_YER_rate_doc_mismatch,2-مبيع:6581,2021-01-23,YER,0.004348,73.9200,31500.0000,31500.00,YER
A_YER_rate_doc_mismatch,2-مبيع:659,2020-04-05,YER,0.005710,128.4800,25000.0000,25000.00,YER
A_YER_rate_doc_mismatch,2-مبيع:6617,2021-01-24,YER,0.004348,186.9600,68000.0000,68000.00,YER
A_YER_rate_doc_mismatch,2-مبيع:6631,2021-01-25,YER,0.004348,171.7500,59000.0000,59000.00,YER
A_YER_rate_doc_mismatch,2-مبيع:6638,2021-01-25,YER,0.004348,80.4400,28500.0000,28500.00,YER
A_YER_rate_doc_mismatch,2-مبيع:6655,2021-01-26,YER,0.004348,139.1400,52000.0000,52000.00,YER
A_YER_rate_doc_mismatch,2-مبيع:6657,2021-01-26,YER,0.004348,130.4400,35000.0000,35000.00,YER
A_YER_rate_doc_mismatch,2-مبيع:6660,2021-01-26,YER,0.004348,52.1800,21000.0000,21000.00,YER
A_YER_rate_doc_mismatch,2-مبيع:6706,2021-01-28,YER,0.004348,43.4800,30000.0000,30000.00,YER
A_YER_rate_doc_mismatch,2-مبيع:671,2020-04-06,YER,0.005710,1267.6200,322000.0000,322000.00,YER
A_YER_rate_doc_mismatch,2-مبيع:6714,2021-01-28,YER,0.004348,173.9200,75000.0000,75000.00,YER
A_YER_rate_doc_mismatch,2-مبيع:6723,2021-01-29,YER,0.004348,413.0600,115000.0000,115000.00,YER
A_YER_rate_doc_mismatch,2-مبيع:6728,2021-01-29,YER,0.004348,104.3500,44000.0000,44000.00,YER
A_YER_rate_doc_mismatch,2-مبيع:6731,2021-01-30,YER,0.004348,326.1000,145000.0000,145000.00,YER
A_YER_rate_doc_mismatch,2-مبيع:6747,2021-01-30,YER,0.004348,34.7800,14000.0000,14000.00,YER
A_YER_rate_doc_mismatch,2-مبيع:6764,2021-01-30,YER,0.004348,526.1100,221000.0000,221000.00,YER
A_YER_rate_doc_mismatch,2-مبيع:679,2020-04-06,YER,0.005710,79.9400,19000.0000,19000.00,YER
A_YER_rate_doc_mismatch,2-مبيع:6795,2021-02-01,YER,0.004348,60.8700,22000.0000,22000.00,YER
A_YER_rate_doc_mismatch,2-مبيع:6821,2021-02-02,YER,0.004348,52.1800,41000.0000,41000.00,YER
A_YER_rate_doc_mismatch,2-مبيع:6880,2021-02-03,YER,0.004348,86.9600,44000.0000,44000.00,YER
A_YER_rate_doc_mismatch,2-مبيع:6894,2021-02-03,YER,0.004348,213.0500,63000.0000,63000.00,YER
A_YER_rate_doc_mismatch,2-مبيع:6938,2021-02-04,YER,0.004348,728.2900,197500.0000,197500.00,YER
A_YER_rate_doc_mismatch,2-مبيع:6940,2021-02-04,YER,0.004348,108.7000,45000.0000,45000.00,YER
A_YER_rate_doc_mismatch,2-مبيع:6993,2021-02-05,YER,0.004348,152.1800,57000.0000,57000.00,YER
A_YER_rate_doc_mismatch,2-مبيع:700,2020-04-07,YER,0.005710,79.9400,26000.0000,26000.00,YER
A_YER_rate_doc_mismatch,2-مبيع:7003,2021-02-06,YER,0.004348,186.9600,46000.0000,46000.00,YER
A_YER_rate_doc_mismatch,2-مبيع:7012,2021-02-06,YER,0.004348,95.6600,32000.0000,32000.00,YER
A_YER_rate_doc_mismatch,2-مبيع:7019,2021-02-06,YER,0.004348,630.4600,150000.0000,150000.00,YER
A_YER_rate_doc_mismatch,2-مبيع:7027,2021-02-06,YER,0.004348,480.4500,215500.0000,215500.00,YER
A_YER_rate_doc_mismatch,2-مبيع:7030,2021-02-06,YER,0.004348,173.9200,60000.0000,60000.00,YER
A_YER_rate_doc_mismatch,2-مبيع:7033,2021-02-06,YER,0.004348,21.7400,8000.0000,8000.00,YER
A_YER_rate_doc_mismatch,2-مبيع:7046,2021-02-06,YER,0.004348,186.9600,53000.0000,53000.00,YER
A_YER_rate_doc_mismatch,2-مبيع:7050,2021-02-06,YER,0.004348,121.7400,43000.0000,43000.00,YER
A_YER_rate_doc_mismatch,2-مبيع:7081,2021-02-07,YER,0.004348,926.1200,413000.0000,413000.00,YER
A_YER_rate_doc_mismatch,2-مبيع:7089,2021-02-07,YER,0.004348,160.8800,47000.0000,47000.00,YER
A_YER_rate_doc_mismatch,2-مبيع:7100,2021-02-07,YER,0.004348,86.9600,35000.0000,35000.00,YER
A_YER_rate_doc_mismatch,2-مبيع:7129,2021-02-08,YER,0.004348,200.0100,60000.0000,60000.00,YER
A_YER_rate_doc_mismatch,2-مبيع:7133,2021-02-08,YER,0.004348,173.9200,46000.0000,46000.00,YER
A_YER_rate_doc_mismatch,2-مبيع:714,2020-04-08,YER,0.005710,51.3900,15000.0000,15000.00,YER
A_YER_rate_doc_mismatch,2-مبيع:7181,2021-02-09,YER,0.004348,73.9200,31000.0000,31000.00,YER
A_YER_rate_doc_mismatch,2-مبيع:7195,2021-02-09,YER,0.004348,195.6600,80000.0000,80000.00,YER
A_YER_rate_doc_mismatch,2-مبيع:7200,2021-02-09,YER,0.004348,456.5400,150000.0000,150000.00,YER
A_YER_rate_doc_mismatch,2-مبيع:7250,2021-02-10,YER,0.004348,330.4500,143000.0000,143000.00,YER
A_YER_rate_doc_mismatch,2-مبيع:7309,2021-02-18,YER,0.004348,356.5400,141000.0000,141000.00,YER
A_YER_rate_doc_mismatch,2-مبيع:7315,2021-02-18,YER,0.004348,52.1800,22000.0000,22000.00,YER
A_YER_rate_doc_mismatch,2-مبيع:7317,2021-02-18,YER,0.004348,86.9600,35000.0000,35000.00,YER
A_YER_rate_doc_mismatch,2-مبيع:733,2020-04-09,YER,0.005710,199.8500,65000.0000,65000.00,YER
A_YER_rate_doc_mismatch,2-مبيع:7337,2021-02-19,YER,0.004348,26.0900,11000.0000,11000.00,YER
A_YER_rate_doc_mismatch,2-مبيع:7347,2021-02-20,YER,0.004348,47.8300,19000.0000,19000.00,YER
A_YER_rate_doc_mismatch,2-مبيع:7361,2021-02-20,YER,0.004348,226.1000,75500.0000,75500.00,YER
A_YER_rate_doc_mismatch,2-مبيع:7362,2021-02-20,YER,0.004348,69.5700,17000.0000,17000.00,YER
A_YER_rate_doc_mismatch,2-مبيع:7393,2021-02-21,YER,0.004348,26.0900,9000.0000,9000.00,YER
A_YER_rate_doc_mismatch,2-مبيع:7400,2021-02-21,YER,0.004348,86.9600,22500.0000,22500.00,YER
A_YER_rate_doc_mismatch,2-مبيع:7411,2021-02-21,YER,0.004348,434.8000,150000.0000,150000.00,YER
A_YER_rate_doc_mismatch,2-مبيع:7421,2021-02-22,YER,0.004348,195.6600,80000.0000,80000.00,YER
A_YER_rate_doc_mismatch,2-مبيع:7423,2021-02-22,YER,0.004348,486.9800,120000.0000,120000.00,YER
A_YER_rate_doc_mismatch,2-مبيع:7456,2021-02-23,YER,0.004348,130.4400,52000.0000,52000.00,YER
A_YER_rate_doc_mismatch,2-مبيع:7485,2021-02-23,YER,0.004348,34.7800,11000.0000,11000.00,YER
A_YER_rate_doc_mismatch,2-مبيع:7507,2021-02-24,YER,0.004348,76.0900,28500.0000,28500.00,YER
A_YER_rate_doc_mismatch,2-مبيع:7524,2021-02-24,YER,0.004348,130.4400,50000.0000,50000.00,YER
A_YER_rate_doc_mismatch,2-مبيع:7552,2021-02-25,YER,0.004348,347.8400,145000.0000,145000.00,YER
A_YER_rate_doc_mismatch,2-مبيع:7555,2021-02-25,YER,0.004348,530.4600,172000.0000,172000.00,YER
A_YER_rate_doc_mismatch,2-مبيع:7577,2021-02-27,YER,0.004348,86.9600,30000.0000,30000.00,YER
A_YER_rate_doc_mismatch,2-مبيع:7595,2021-02-27,YER,0.004348,173.9200,75000.0000,75000.00,YER
A_YER_rate_doc_mismatch,2-مبيع:7603,2021-02-28,YER,0.004348,113.0500,27000.0000,27000.00,YER
A_YER_rate_doc_mismatch,2-مبيع:7611,2021-02-28,YER,0.004348,56.5200,24500.0000,24500.00,YER
A_YER_rate_doc_mismatch,2-مبيع:7622,2021-02-28,YER,0.004348,47.8300,17000.0000,17000.00,YER
A_YER_rate_doc_mismatch,2-مبيع:7630,2021-02-28,YER,0.004348,52.1800,21000.0000,21000.00,YER
A_YER_rate_doc_mismatch,2-مبيع:7654,2021-03-01,YER,0.004348,134.7900,32200.0000,32200.00,YER
A_YER_rate_doc_mismatch,2-مبيع:7655,2021-03-01,YER,0.004348,134.7900,36000.0000,36000.00,YER
A_YER_rate_doc_mismatch,2-مبيع:7664,2021-03-02,YER,0.004348,104.3500,46000.0000,46000.00,YER
A_YER_rate_doc_mismatch,2-مبيع:7667,2021-03-02,YER,0.004348,139.1400,52000.0000,52000.00,YER
A_YER_rate_doc_mismatch,2-مبيع:767,2020-04-11,YER,0.005710,147.3200,30600.0000,30600.00,YER
A_YER_rate_doc_mismatch,2-مبيع:7680,2021-03-02,YER,0.004348,104.3500,34000.0000,34000.00,YER
A_YER_rate_doc_mismatch,2-مبيع:7687,2021-03-03,YER,0.004348,260.8800,75000.0000,75000.00,YER
A_YER_rate_doc_mismatch,2-مبيع:7731,2021-03-04,YER,0.004348,313.0600,132000.0000,132000.00,YER
A_YER_rate_doc_mismatch,2-مبيع:7748,2021-03-05,YER,0.004348,58.7000,20400.0000,20400.00,YER
A_YER_rate_doc_mismatch,2-مبيع:7752,2021-03-05,YER,0.004348,26.0900,10000.0000,10000.00,YER
A_YER_rate_doc_mismatch,2-مبيع:7792,2021-03-06,YER,0.004348,86.9600,35000.0000,35000.00,YER
A_YER_rate_doc_mismatch,2-مبيع:7801,2021-03-07,YER,0.004348,278.2700,164000.0000,164000.00,YER
A_YER_rate_doc_mismatch,2-مبيع:784,2020-04-11,YER,0.005710,45.6800,11000.0000,11000.00,YER
A_YER_rate_doc_mismatch,2-مبيع:7843,2021-03-08,YER,0.004348,52.1800,20000.0000,20000.00,YER
A_YER_rate_doc_mismatch,2-مبيع:7844,2021-03-08,YER,0.004348,391.3200,206000.0000,206000.00,YER
A_YER_rate_doc_mismatch,2-مبيع:7860,2021-03-08,YER,0.004348,400.0200,108000.0000,108000.00,YER
A_YER_rate_doc_mismatch,2-مبيع:7861,2021-03-08,YER,0.004348,113.0500,48000.0000,48000.00,YER
A_YER_rate_doc_mismatch,2-مبيع:7879,2021-03-09,YER,0.004348,104.3500,34000.0000,34000.00,YER
A_YER_rate_doc_mismatch,2-مبيع:7916,2021-03-11,YER,0.004348,113.0500,41000.0000,41000.00,YER
A_YER_rate_doc_mismatch,2-مبيع:7931,2021-03-11,YER,0.004348,191.3100,71700.0000,71700.00,YER
A_YER_rate_doc_mismatch,2-مبيع:7944,2021-03-12,YER,0.004348,934.8200,396000.0000,396000.00,YER
A_YER_rate_doc_mismatch,2-مبيع:7963,2021-03-13,YER,0.004348,104.3500,39000.0000,39000.00,YER
A_YER_rate_doc_mismatch,2-مبيع:7976,2021-03-13,YER,0.004348,234.7900,58000.0000,58000.00,YER
A_YER_rate_doc_mismatch,2-مبيع:7999,2021-03-14,YER,0.004348,108.7000,45000.0000,45000.00,YER
A_YER_rate_doc_mismatch,2-مبيع:8008,2021-03-14,YER,0.004348,60.8700,20000.0000,20000.00,YER
A_YER_rate_doc_mismatch,2-مبيع:8020,2021-03-15,YER,0.004348,152.1800,55000.0000,55000.00,YER
A_YER_rate_doc_mismatch,2-مبيع:8056,2021-03-16,YER,0.004348,152.1800,52000.0000,52000.00,YER
A_YER_rate_doc_mismatch,2-مبيع:8059,2021-03-16,YER,0.004348,1282.6600,495000.0000,495000.00,YER
A_YER_rate_doc_mismatch,2-مبيع:8118,2021-03-18,YER,0.004348,439.1500,169000.0000,169000.00,YER
A_YER_rate_doc_mismatch,2-مبيع:8121,2021-03-18,YER,0.004348,143.4800,61000.0000,61000.00,YER
A_YER_rate_doc_mismatch,2-مبيع:8168,2021-03-20,YER,0.004348,21.7400,7500.0000,7500.00,YER
A_YER_rate_doc_mismatch,2-مبيع:8192,2021-03-21,YER,0.004348,152.1800,50000.0000,50000.00,YER
A_YER_rate_doc_mismatch,2-مبيع:8222,2021-03-22,YER,0.004348,45.6500,13500.0000,13500.00,YER
A_YER_rate_doc_mismatch,2-مبيع:8274,2021-03-24,YER,0.004348,65.2200,25000.0000,25000.00,YER
A_YER_rate_doc_mismatch,2-مبيع:8282,2021-03-24,YER,0.004348,60.8700,24000.0000,24000.00,YER
A_YER_rate_doc_mismatch,2-مبيع:831,2020-04-13,YER,0.005710,142.7500,43000.0000,43000.00,YER
A_YER_rate_doc_mismatch,2-مبيع:8320,2021-03-26,YER,0.004348,73.9200,25000.0000,25000.00,YER
A_YER_rate_doc_mismatch,2-مبيع:8341,2021-03-27,YER,0.004348,76.0900,37500.0000,37500.00,YER
A_YER_rate_doc_mismatch,2-مبيع:8346,2021-03-27,YER,0.004348,130.4400,42000.0000,42000.00,YER
A_YER_rate_doc_mismatch,2-مبيع:8349,2021-03-27,YER,0.004348,313.0600,79500.0000,79500.00,YER
A_YER_rate_doc_mismatch,2-مبيع:8377,2021-03-29,YER,0.004348,121.7400,41000.0000,41000.00,YER
A_YER_rate_doc_mismatch,2-مبيع:8391,2021-03-29,YER,0.004348,478.2800,115000.0000,115000.00,YER
A_YER_rate_doc_mismatch,2-مبيع:8435,2021-03-31,YER,0.004348,256.5300,108000.0000,108000.00,YER
A_YER_rate_doc_mismatch,2-مبيع:8457,2021-04-01,YER,0.004348,217.4000,56000.0000,56000.00,YER
A_YER_rate_doc_mismatch,2-مبيع:8464,2021-04-02,YER,0.004348,121.7400,31000.0000,31000.00,YER
A_YER_rate_doc_mismatch,2-مبيع:8477,2021-04-03,YER,0.004348,1413.1000,330000.0000,330000.00,YER
A_YER_rate_doc_mismatch,2-مبيع:8495,2021-04-04,YER,0.004348,173.9200,60000.0000,60000.00,YER
A_YER_rate_doc_mismatch,2-مبيع:852,2020-04-14,YER,0.005710,68.5200,18000.0000,18000.00,YER
A_YER_rate_doc_mismatch,2-مبيع:8559,2021-04-06,YER,0.004348,217.4000,75000.0000,75000.00,YER
A_YER_rate_doc_mismatch,2-مبيع:8568,2021-04-06,YER,0.004348,65.2200,25000.0000,25000.00,YER
A_YER_rate_doc_mismatch,2-مبيع:8641,2021-04-09,YER,0.004348,163.0500,40000.0000,40000.00,YER
A_YER_rate_doc_mismatch,2-مبيع:8642,2021-04-09,YER,0.004348,43.4800,15000.0000,15000.00,YER
A_YER_rate_doc_mismatch,2-مبيع:868,2020-04-15,YER,0.005710,85.6500,17000.0000,17000.00,YER
A_YER_rate_doc_mismatch,2-مبيع:8689,2021-04-11,YER,0.004348,530.4600,172000.0000,172000.00,YER
A_YER_rate_doc_mismatch,2-مبيع:8697,2021-04-11,YER,0.004348,108.7000,45000.0000,45000.00,YER
A_YER_rate_doc_mismatch,2-مبيع:8701,2021-04-11,YER,0.004348,121.7400,46000.0000,46000.00,YER
A_YER_rate_doc_mismatch,2-مبيع:8712,2021-04-12,YER,0.004348,78.2600,28000.0000,28000.00,YER
A_YER_rate_doc_mismatch,2-مبيع:8719,2021-04-12,YER,0.004348,271.7500,108000.0000,108000.00,YER
A_YER_rate_doc_mismatch,2-مبيع:8720,2021-04-12,YER,0.004348,221.7500,76000.0000,76000.00,YER
A_YER_rate_doc_mismatch,2-مبيع:8741,2021-04-13,YER,0.004348,426.1000,143000.0000,143000.00,YER
A_YER_rate_doc_mismatch,2-مبيع:8749,2021-04-14,YER,0.004348,39.1300,14000.0000,14000.00,YER
A_YER_rate_doc_mismatch,2-مبيع:8754,2021-04-14,YER,0.004348,117.4000,29000.0000,29000.00,YER
A_YER_rate_doc_mismatch,2-مبيع:8761,2021-04-15,YER,0.004348,282.6200,95000.0000,95000.00,YER
A_YER_rate_doc_mismatch,2-مبيع:8770,2021-04-15,YER,0.004348,13.0400,5000.0000,5000.00,YER
A_YER_rate_doc_mismatch,2-مبيع:8785,2021-04-16,YER,0.004348,243.4900,59000.0000,59000.00,YER
A_YER_rate_doc_mismatch,2-مبيع:8809,2021-04-17,YER,0.004348,139.1400,47000.0000,47000.00,YER
A_YER_rate_doc_mismatch,2-مبيع:8836,2021-04-19,YER,0.004348,182.6200,72000.0000,72000.00,YER
A_YER_rate_doc_mismatch,2-مبيع:8852,2021-04-20,YER,0.004348,178.2700,71000.0000,71000.00,YER
A_YER_rate_doc_mismatch,2-مبيع:8860,2021-04-20,YER,0.004348,78.2600,27000.0000,27000.00,YER
A_YER_rate_doc_mismatch,2-مبيع:8863,2021-04-20,YER,0.004348,160.8800,57000.0000,57000.00,YER
A_YER_rate_doc_mismatch,2-مبيع:8870,2021-04-21,YER,0.004348,63.0500,18500.0000,18500.00,YER
A_YER_rate_doc_mismatch,2-مبيع:8885,2021-04-22,YER,0.004348,204.3600,67000.0000,67000.00,YER
A_YER_rate_doc_mismatch,2-مبيع:8889,2021-04-22,YER,0.004348,341.3200,103500.0000,103500.00,YER
A_YER_rate_doc_mismatch,2-مبيع:8908,2021-04-23,YER,0.004348,73.9200,19000.0000,19000.00,YER
A_YER_rate_doc_mismatch,2-مبيع:892,2020-04-16,YER,0.005710,274.0800,68000.0000,68000.00,YER
A_YER_rate_doc_mismatch,2-مبيع:8927,2021-04-23,YER,0.004348,52.1800,22000.0000,22000.00,YER
A_YER_rate_doc_mismatch,2-مبيع:8935,2021-04-24,YER,0.004348,195.6600,85000.0000,85000.00,YER
A_YER_rate_doc_mismatch,2-مبيع:8953,2021-04-25,YER,0.004348,50.0000,18000.0000,18000.00,YER
A_YER_rate_doc_mismatch,2-مبيع:8964,2021-04-25,YER,0.004348,108.7000,75000.0000,75000.00,YER
A_YER_rate_doc_mismatch,2-مبيع:8999,2021-04-27,YER,0.004348,513.0600,122000.0000,122000.00,YER
A_YER_rate_doc_mismatch,2-مبيع:9005,2021-04-27,YER,0.004348,180.4400,49000.0000,49000.00,YER
A_YER_rate_doc_mismatch,2-مبيع:9017,2021-04-27,YER,0.004348,1156.5700,466000.0000,466000.00,YER
A_YER_rate_doc_mismatch,2-مبيع:9033,2021-04-28,YER,0.004348,95.6600,39000.0000,39000.00,YER
A_YER_rate_doc_mismatch,2-مبيع:9040,2021-04-28,YER,0.004348,169.5700,99000.0000,99000.00,YER
A_YER_rate_doc_mismatch,2-مبيع:9054,2021-04-29,YER,0.004348,113.0500,33000.0000,33000.00,YER
A_YER_rate_doc_mismatch,2-مبيع:9088,2021-05-01,YER,0.004255,148.9300,64500.0000,64500.00,YER
A_YER_rate_doc_mismatch,2-مبيع:9095,2021-05-01,YER,0.004255,89.3600,30000.0000,30000.00,YER
A_YER_rate_doc_mismatch,2-مبيع:9098,2021-05-01,YER,0.004255,51.0600,19000.0000,19000.00,YER
A_YER_rate_doc_mismatch,2-مبيع:9120,2021-05-02,YER,0.004255,25.5300,10000.0000,10000.00,YER
A_YER_rate_doc_mismatch,2-مبيع:9141,2021-05-03,YER,0.004255,110.6300,44000.0000,44000.00,YER
A_YER_rate_doc_mismatch,2-مبيع:9142,2021-05-03,YER,0.004255,194.6700,86500.0000,86500.00,YER
A_YER_rate_doc_mismatch,2-مبيع:9153,2021-05-04,YER,0.004255,76.5900,28000.0000,28000.00,YER
A_YER_rate_doc_mismatch,2-مبيع:9159,2021-05-04,YER,0.004255,276.5800,116000.0000,116000.00,YER
A_YER_rate_doc_mismatch,2-مبيع:9164,2021-05-04,YER,0.004255,128.7100,40250.0000,40250.00,YER
A_YER_rate_doc_mismatch,2-مبيع:9202,2021-05-06,YER,0.004255,110.6300,39000.0000,39000.00,YER
A_YER_rate_doc_mismatch,2-مبيع:921,2020-04-18,YER,0.005710,79.9400,24000.0000,24000.00,YER
A_YER_rate_doc_mismatch,2-مبيع:9243,2021-05-07,YER,0.004255,1063.7500,340000.0000,340000.00,YER
A_YER_rate_doc_mismatch,2-مبيع:930,2020-04-18,YER,0.005710,211.2700,53000.0000,53000.00,YER
A_YER_rate_doc_mismatch,2-مبيع:9313,2021-05-10,YER,0.004255,76.5900,38000.0000,38000.00,YER
A_YER_rate_doc_mismatch,2-مبيع:9338,2021-05-11,YER,0.004255,89.3600,29000.0000,29000.00,YER
A_YER_rate_doc_mismatch,2-مبيع:9340,2021-05-11,YER,0.004255,76.5900,21000.0000,21000.00,YER
A_YER_rate_doc_mismatch,2-مبيع:9346,2021-05-12,YER,0.004255,59.5700,19000.0000,19000.00,YER
A_YER_rate_doc_mismatch,2-مبيع:9369,2021-05-16,YER,0.004255,361.6800,150000.0000,150000.00,YER
A_YER_rate_doc_mismatch,2-مبيع:9379,2021-05-16,YER,0.004255,876.5300,317000.0000,317000.00,YER
A_YER_rate_doc_mismatch,2-مبيع:9394,2021-05-17,YER,0.004255,174.4600,51000.0000,51000.00,YER
A_YER_rate_doc_mismatch,2-مبيع:9424,2021-05-18,YER,0.004255,319.1300,125000.0000,125000.00,YER
A_YER_rate_doc_mismatch,2-مبيع:9440,2021-05-19,YER,0.004255,51.0600,20000.0000,20000.00,YER
A_YER_rate_doc_mismatch,2-مبيع:9463,2021-05-19,YER,0.004255,59.5700,24000.0000,24000.00,YER
A_YER_rate_doc_mismatch,2-مبيع:9470,2021-05-20,YER,0.004255,25.5300,10000.0000,10000.00,YER
A_YER_rate_doc_mismatch,2-مبيع:9481,2021-05-20,YER,0.004255,191.4700,75000.0000,75000.00,YER
A_YER_rate_doc_mismatch,2-مبيع:9489,2021-05-20,YER,0.004255,63.8300,20000.0000,20000.00,YER
A_YER_rate_doc_mismatch,2-مبيع:959,2020-04-20,YER,0.005710,228.4000,55000.0000,55000.00,YER
A_YER_rate_doc_mismatch,2-مبيع:9603,2021-05-24,YER,0.004255,193.6000,95500.0000,95500.00,YER
A_YER_rate_doc_mismatch,2-مبيع:9615,2021-05-25,YER,0.004255,51.0600,20000.0000,20000.00,YER
A_YER_rate_doc_mismatch,2-مبيع:9617,2021-05-25,YER,0.004255,314.8700,139000.0000,139000.00,YER
A_YER_rate_doc_mismatch,2-مبيع:9618,2021-05-25,YER,0.004255,148.9300,52500.0000,52500.00,YER
A_YER_rate_doc_mismatch,2-مبيع:9624,2021-05-25,YER,0.004255,497.8400,225000.0000,225000.00,YER
A_YER_rate_doc_mismatch,2-مبيع:9631,2021-05-26,YER,0.004255,114.8900,41000.0000,41000.00,YER
A_YER_rate_doc_mismatch,2-مبيع:964,2020-04-20,YER,0.005710,154.1700,46000.0000,46000.00,YER
A_YER_rate_doc_mismatch,2-مبيع:9647,2021-05-27,YER,0.004255,51.0600,33000.0000,33000.00,YER
A_YER_rate_doc_mismatch,2-مبيع:9648,2021-05-27,YER,0.004255,40.4200,11500.0000,11500.00,YER
A_YER_rate_doc_mismatch,2-مبيع:970,2020-04-21,YER,0.005710,279.2200,50300.0000,50300.00,YER
A_YER_rate_doc_mismatch,2-مبيع:971,2020-04-21,YER,0.005710,222.6900,43000.0000,43000.00,YER
A_YER_rate_doc_mismatch,2-مبيع:9715,2021-05-29,YER,0.004255,38.3000,26000.0000,26000.00,YER
A_YER_rate_doc_mismatch,2-مبيع:9734,2021-05-30,YER,0.004255,378.7000,156000.0000,156000.00,YER
A_YER_rate_doc_mismatch,2-مبيع:9745,2021-05-31,YER,0.004255,65.9500,27500.0000,27500.00,YER
A_YER_rate_doc_mismatch,2-مبيع:9774,2021-05-31,YER,0.004255,68.0800,24000.0000,24000.00,YER
A_YER_rate_doc_mismatch,2-مبيع:978,2020-04-21,YER,0.005710,79.9400,26000.0000,26000.00,YER
A_YER_rate_doc_mismatch,2-مبيع:9784,2021-06-01,YER,0.004255,199.9900,73000.0000,73000.00,YER
A_YER_rate_doc_mismatch,2-مبيع:9789,2021-06-01,YER,0.004255,102.1200,40000.0000,40000.00,YER
A_YER_rate_doc_mismatch,2-مبيع:9795,2021-06-01,YER,0.004255,104.2500,45500.0000,45500.00,YER
A_YER_rate_doc_mismatch,2-مبيع:9798,2021-06-01,YER,0.004255,157.4400,67000.0000,67000.00,YER
A_YER_rate_doc_mismatch,2-مبيع:9805,2021-06-02,YER,0.004255,85.1000,27000.0000,27000.00,YER
A_YER_rate_doc_mismatch,2-مبيع:9821,2021-06-02,YER,0.004255,8.5100,3000.0000,3000.00,YER
A_YER_rate_doc_mismatch,2-مبيع:9830,2021-06-03,YER,0.004255,38.3000,14000.0000,14000.00,YER
A_YER_rate_doc_mismatch,2-مبيع:9832,2021-06-03,YER,0.004255,270.1900,103500.0000,103500.00,YER
A_YER_rate_doc_mismatch,2-مبيع:9848,2021-06-03,YER,0.004255,365.9300,142000.0000,142000.00,YER
A_YER_rate_doc_mismatch,2-مبيع:9852,2021-06-03,YER,0.004255,102.1200,34000.0000,34000.00,YER
A_YER_rate_doc_mismatch,2-مبيع:9855,2021-06-03,YER,0.004255,68.0800,28000.0000,28000.00,YER
A_YER_rate_doc_mismatch,2-مبيع:9862,2021-06-04,YER,0.004255,385.0800,163000.0000,163000.00,YER
A_YER_rate_doc_mismatch,2-مبيع:994,2020-04-22,YER,0.005710,239.8200,67000.0000,67000.00,YER
A_YER_rate_doc_mismatch,2-مبيع:9949,2021-06-07,YER,0.004255,106.3800,35000.0000,35000.00,YER
A_YER_rate_doc_mismatch,2-مبيع:9980,2021-06-08,YER,0.004255,191.4800,62000.0000,62000.00,YER
B_SAR_huge_maybe_YER,2-مبيع:24373,2022-11-13,SAR,1.000000,60110.0000,60110.0000,60110.00,SAR
B_SAR_huge_maybe_YER,2-مبيع:40443,2024-05-08,SAR,1.000000,138043.0000,138043.0000,138043.00,SAR
B_SAR_huge_maybe_YER,2-مبيع:40464,2024-05-09,SAR,1.000000,53544.0000,53544.0000,53544.00,SAR
B_SAR_huge_maybe_YER,2-مبيع:61964,2026-07-01,SAR,1.000000,60000.0000,60000.0000,60000.00,SAR
B_SAR_huge_maybe_YER,2-مبيع:64254,2026-09-16,SAR,1.000000,130000.0000,130000.0000,130000.00,SAR
C_tiny_YER_implausible,2-مبيع:11533,2021-09-24,YER,0.003333,1.6700,500.0000,500.00,YER
C_tiny_YER_implausible,2-مبيع:11832,2021-10-05,YER,0.003333,0.0300,9.0000,9.00,YER
C_tiny_YER_implausible,2-مبيع:12589,2021-10-30,YER,0.002703,1.6200,600.0000,600.00,YER
C_tiny_YER_implausible,2-مبيع:12798,2021-11-04,YER,0.002500,2.2500,900.0000,900.00,YER
C_tiny_YER_implausible,2-مبيع:12896,2021-11-07,YER,0.004545,2.8200,620.0000,620.00,YER
C_tiny_YER_implausible,2-مبيع:1358,2020-05-12,YER,0.005710,2.8600,500.0000,500.00,YER
C_tiny_YER_implausible,2-مبيع:13666,2021-11-30,YER,0.002500,0.1000,40.0000,40.00,YER
C_tiny_YER_implausible,2-مبيع:14364,2021-12-22,YER,0.004545,1.2900,283.0000,283.00,YER
C_tiny_YER_implausible,2-مبيع:14665,2021-12-30,YER,0.003571,0.5400,150.0000,150.00,YER
C_tiny_YER_implausible,2-مبيع:15078,2022-01-12,YER,0.004545,0.7300,160.0000,160.00,YER
C_tiny_YER_implausible,2-مبيع:157,2020-02-22,YER,0.006670,5.3400,800.0000,800.00,YER
C_tiny_YER_implausible,2-مبيع:15786,2022-02-04,YER,0.003125,0.0800,25.0000,25.00,YER
C_tiny_YER_implausible,2-مبيع:16273,2022-02-18,YER,0.003125,2.1900,700.0000,700.00,YER
C_tiny_YER_implausible,2-مبيع:16795,2022-03-03,YER,0.003125,1.7200,550.0000,550.00,YER
C_tiny_YER_implausible,2-مبيع:16939,2022-03-06,YER,0.003125,1.6900,540.0000,540.00,YER
C_tiny_YER_implausible,2-مبيع:17294,2022-03-16,YER,0.003125,0.0800,25.0000,25.00,YER
C_tiny_YER_implausible,2-مبيع:17706,2022-03-27,YER,0.003125,0.1100,35.0000,35.00,YER
C_tiny_YER_implausible,2-مبيع:18157,2022-04-14,YER,0.003125,0.0600,20.0000,20.00,YER
C_tiny_YER_implausible,2-مبيع:18727,2022-05-06,YER,0.003125,2.5000,800.0000,800.00,YER
C_tiny_YER_implausible,2-مبيع:19697,2022-06-02,YER,0.003450,1.5900,460.0000,460.00,YER
C_tiny_YER_implausible,2-مبيع:19782,2022-06-05,YER,0.004545,0.5000,110.0000,110.00,YER
C_tiny_YER_implausible,2-مبيع:21354,2022-07-28,YER,0.004545,1.2300,270.0000,270.00,YER
C_tiny_YER_implausible,2-مبيع:22090,2022-08-21,YER,0.003230,0.1900,60.0000,60.00,YER
C_tiny_YER_implausible,2-مبيع:2259,2020-07-09,YER,0.005000,2.5000,500.0000,500.00,YER
C_tiny_YER_implausible,2-مبيع:2298,2020-07-10,YER,0.005000,4.0000,800.0000,800.00,YER
C_tiny_YER_implausible,2-مبيع:23277,2022-09-28,YER,0.003230,0.6500,200.0000,200.00,YER
C_tiny_YER_implausible,2-مبيع:24995,2022-11-19,YER,0.003230,1.9400,600.0000,600.00,YER
C_tiny_YER_implausible,2-مبيع:25158,2022-11-24,YER,0.003230,1.4500,450.0000,450.00,YER
C_tiny_YER_implausible,2-مبيع:25841,2022-12-20,YER,0.003230,1.2500,388.0000,388.00,YER
C_tiny_YER_implausible,2-مبيع:26267,2023-01-02,YER,0.003130,0.1600,50.0000,50.00,YER
C_tiny_YER_implausible,2-مبيع:28674,2023-03-20,YER,0.002940,0.1800,60.0000,60.00,YER
C_tiny_YER_implausible,2-مبيع:29872,2023-05-01,YER,0.002940,0.4400,150.0000,150.00,YER
C_tiny_YER_implausible,2-مبيع:31463,2023-06-19,YER,0.002940,2.7900,950.0000,950.00,YER
C_tiny_YER_implausible,2-مبيع:31945,2023-07-09,YER,0.002940,2.0600,700.0000,700.00,YER
C_tiny_YER_implausible,2-مبيع:32285,2023-07-17,YER,0.002670,1.3600,511.0000,511.00,YER
C_tiny_YER_implausible,2-مبيع:32773,2023-07-31,YER,0.003330,0.3300,100.0000,100.00,YER
C_tiny_YER_implausible,2-مبيع:33968,2023-09-05,YER,0.002670,2.0300,762.0000,762.00,YER
C_tiny_YER_implausible,2-مبيع:3643,2020-10-04,YER,0.004545,2.2700,500.0000,500.00,YER
C_tiny_YER_implausible,2-مبيع:38143,2024-02-04,YER,0.002330,1.1400,490.0000,490.00,YER
C_tiny_YER_implausible,2-مبيع:38604,2024-02-22,YER,0.002330,1.1700,500.0000,500.00,YER
C_tiny_YER_implausible,2-مبيع:38868,2024-03-03,YER,0.002330,0.8900,380.0000,380.00,YER
C_tiny_YER_implausible,2-مبيع:3931,2020-10-14,YER,0.004545,1.8200,400.0000,400.00,YER
C_tiny_YER_implausible,2-مبيع:39321,2024-03-23,YER,0.003330,0.2300,70.0000,70.00,YER
C_tiny_YER_implausible,2-مبيع:3935,2020-10-14,YER,0.004545,2.2700,500.0000,500.00,YER
C_tiny_YER_implausible,2-مبيع:40253,2024-04-30,YER,0.002330,0.0200,8.0000,8.00,YER
C_tiny_YER_implausible,2-مبيع:41405,2024-06-08,YER,0.002220,0.4900,220.0000,220.00,YER
C_tiny_YER_implausible,2-مبيع:4277,2020-10-27,YER,0.004545,2.2700,500.0000,500.00,YER
C_tiny_YER_implausible,2-مبيع:43338,2024-08-17,YER,0.001980,0.1300,64.0000,64.00,YER
C_tiny_YER_implausible,2-مبيع:4361,2020-10-31,YER,0.004545,3.6400,800.0000,800.00,YER
C_tiny_YER_implausible,2-مبيع:44294,2024-09-22,YER,0.001980,0.5700,290.0000,290.00,YER
C_tiny_YER_implausible,2-مبيع:44530,2024-09-30,YER,0.001980,0.0900,45.0000,45.00,YER
C_tiny_YER_implausible,2-مبيع:4491,2020-11-04,YER,0.004545,2.2700,500.0000,500.00,YER
C_tiny_YER_implausible,2-مبيع:45010,2024-10-19,YER,0.001890,0.1900,100.0000,100.00,YER
C_tiny_YER_implausible,2-مبيع:47431,2025-01-16,YER,0.001900,0.1500,80.0000,80.00,YER
C_tiny_YER_implausible,2-مبيع:47700,2025-01-25,YER,0.001900,0.4600,240.0000,240.00,YER
C_tiny_YER_implausible,2-مبيع:48156,2025-02-09,YER,0.001670,0.5300,320.0000,320.00,YER
C_tiny_YER_implausible,2-مبيع:48573,2025-02-24,YER,0.001670,0.0300,15.0000,15.00,YER
C_tiny_YER_implausible,2-مبيع:48912,2025-03-10,YER,0.001670,0.1500,90.0000,90.00,YER
C_tiny_YER_implausible,2-مبيع:49002,2025-03-14,YER,0.001670,0.1800,108.0000,108.00,YER
C_tiny_YER_implausible,2-مبيع:49086,2025-03-17,YER,0.001670,0.5800,350.0000,350.00,YER
C_tiny_YER_implausible,2-مبيع:49599,2025-04-09,YER,0.001670,0.7700,460.0000,460.00,YER
C_tiny_YER_implausible,2-مبيع:49691,2025-04-13,YER,0.001670,0.5300,320.0000,320.00,YER
C_tiny_YER_implausible,2-مبيع:49892,2025-04-21,YER,0.001540,0.0800,50.0000,50.00,YER
C_tiny_YER_implausible,2-مبيع:49893,2025-04-21,YER,0.001540,0.2300,150.0000,150.00,YER
C_tiny_YER_implausible,2-مبيع:49899,2025-04-22,YER,0.001540,0.4600,300.0000,300.00,YER
C_tiny_YER_implausible,2-مبيع:50191,2025-05-02,YER,0.001540,0.0600,40.0000,40.00,YER
C_tiny_YER_implausible,2-مبيع:5218,2020-12-01,YER,0.004545,2.2700,500.0000,500.00,YER
C_tiny_YER_implausible,2-مبيع:52991,2025-08-13,YER,0.004348,0.4300,100.0000,100.00,YER
C_tiny_YER_implausible,2-مبيع:53951,2025-09-09,YER,0.002340,0.5900,250.0000,250.00,YER
C_tiny_YER_implausible,2-مبيع:55532,2025-10-29,YER,0.003330,0.0000,1.0000,1.00,YER
C_tiny_YER_implausible,2-مبيع:55947,2025-11-11,YER,0.002340,0.0800,35.0000,35.00,YER
C_tiny_YER_implausible,2-مبيع:56959,2025-12-17,YER,0.002340,0.2900,125.0000,125.00,YER
C_tiny_YER_implausible,2-مبيع:58906,2026-03-04,YER,0.002220,0.2700,120.0000,120.00,YER
C_tiny_YER_implausible,2-مبيع:59987,2026-04-17,YER,0.002220,0.1000,45.0000,45.00,YER
C_tiny_YER_implausible,2-مبيع:60285,2026-04-28,YER,0.002220,0.2100,95.0000,95.00,YER
C_tiny_YER_implausible,2-مبيع:6073,2021-01-04,YER,0.004348,2.1700,500.0000,500.00,YER
C_tiny_YER_implausible,2-مبيع:63348,2026-08-16,YER,0.002220,0.0100,4.0000,4.00,YER
C_tiny_YER_implausible,2-مبيع:63416,2026-08-19,YER,0.002220,0.4000,180.0000,180.00,YER
C_tiny_YER_implausible,2-مبيع:63675,2026-08-27,YER,0.002220,1.5500,700.0000,700.00,YER
C_tiny_YER_implausible,2-مبيع:63689,2026-08-25,YER,0.002220,0.5600,250.0000,250.00,YER
C_tiny_YER_implausible,2-مبيع:6808,2021-02-01,YER,0.004348,1.5200,550.0000,550.00,YER
C_tiny_YER_implausible,2-مبيع:7106,2021-02-07,YER,0.004348,2.1700,500.0000,500.00,YER
C_tiny_YER_implausible,2-مبيع:7721,2021-03-04,YER,0.004348,2.1700,500.0000,500.00,YER
C_tiny_YER_implausible,2-مبيع:7776,2021-03-06,YER,0.004348,3.9100,900.0000,900.00,YER
C_tiny_YER_implausible,2-مبيع:824,2020-04-13,YER,0.005710,2.8600,500.0000,500.00,YER
C_tiny_YER_implausible,2-مبيع:9106,2021-05-02,YER,0.004255,3.4000,800.0000,800.00,YER
E_OMR_should_be_YER,2-مبيع:45862,2024-11-19,OMR,0.002778,0.1900,70.0000,70.00,OMR
E_OMR_should_be_YER,2-مبيع:61829,2026-06-26,OMR,0.002778,0.4700,170.0000,170.00,OMR
F_absurd_rate,2-مبيع:14030,2021-12-12,YER,0.222200,2222.0000,10000.0000,10000.00,YER